id,domain,status,purchase_price,renewal_price,attractiveness,demand,length,registrar,created_at,expires_at
017d4f1c-6274-4a4d-b505-c129af8f30c0,fellowfeel.ing,available,16.98,,62,1,14,namecheap,,
01b30232-60a4-4f84-8cf5-5c05f2609ffa,gettingused.to,available,29.98,,66,1,15,namecheap,,
020b9912-7f64-44ec-b915-a5eaaa146c69,burnun.it,available,25.99,,60,1,9,name.com,,
03bdb5d2-0ef9-4d1c-896c-fbb4c61ea806,pump.ing,premium,12500,,76,8,7,name.com,,
048df775-b540-4795-8155-7f789f821cc3,textmessag.ing,available,16.98,,66,2,14,namecheap,,
0a58a935-1480-404a-ab51-42e33913898d,MiddleAmeri.ca,available,9.99,9.99,54,2,14,namesilo,,
0b318ce4-ba49-49a7-88c4-3616e16271f9,midmorn.ing,available,16.98,,80,1,11,namecheap,,
0bdf639c-8ddd-4c2a-8ae8-58571b9ccd3d,givear.ing,available,16.98,,52,1,11,namecheap,,
0c0b3e68-7847-427c-927b-5dbf59eb39d8,likeitorleave.it,available,25.99,,44,2,19,name.com,,
0d08772b-aee5-4cce-91e5-263ebfd823f2,quartert.one,available,3.99,,70,3,12,name.com,,
0d0fe6bb-58e0-433e-bb89-b4d00e13fca9,gomiss.ing,available,16.98,,70,1,10,namecheap,,
0f88a61d-f8b7-437a-8874-1bd9f143c916,comeintobe.ing,available,16.98,,68,1,15,namecheap,,
10d4c7ee-ce88-4705-bfa0-43c93c109930,letsli.de,available,19.99,,76,1,9,name.com,,
11098bf7-551c-42da-bf71-98094cf32e44,letthemhave.it,available,25.99,,47,1,16,name.com,,
121d79a6-1e72-48f8-91df-a88f208717f4,aboveab.it,available,25.99,,60,0,11,name.com,,
159e69ea-9788-46c3-9e71-601982396ad5,cometoas.top,available,6.98,,62,1,14,namecheap,,
184cd14b-ef86-4a40-8327-6377e3c89d6f,dogsledd.ing,available,16.98,,76,2,11,namecheap,,
1dea2df9-f1ee-4d83-8a26-ba4e5674e7be,fitlikeag.love,available,38.98,,76,1,16,namecheap,,
1e447ae8-a0bf-4cae-ae6f-3875bd7cece0,costcutt.ing,available,16.98,,64,3,12,namecheap,,
200ce2ab-ba8b-46b7-a466-f9eceff4aea3,estatesfor.life,available,2.99,,42,1,16,name.com,,
2070e9ca-b467-40f8-a8dc-46c832320176,coffeebu.sh,available,59.99,,80,1,11,name.com,,
2125637d-72a3-4688-89f5-b4261ac0acbe,proxyvot.ing,available,16.98,,62,2,12,namecheap,,
2234b22e-c6ce-48a0-8bf6-858e318fbf93,midbreak.fast,available,35.98,,70,1,12,namecheap,,
2314aa39-e421-47ae-8b0a-6e32d126086f,ballplay.ing,available,16.98,,70,1,12,namecheap,,
238a7541-ca84-481e-90c3-0a38bef3d877,charactertra.it,available,25.99,,66,1,15,name.com,,
26d3daf6-c07c-41c3-bbf0-17fcd0a94c3f,inwait.ing,available,16.98,,50,1,10,namecheap,,
26f20034-54ba-4945-b5dd-cfaa820e4649,CountyTyr.one,available,30.98,,42,2,13,namecheap,,
2aa5361e-0604-48e2-9754-21d75733cb99,havethebesto.fit,available,2.99,,68,1,19,name.com,,
2ca89d52-2eaf-4f29-bcb9-eb91238a5fb2,Ilostmyb.ag,premium,,,50,1,13,,,
2cf76e3b-fa02-47d4-b349-589499bc9531,CyberMon.day,premium,1398.6,1398.6,78,10,12,namecheap,,
2dceab34-5c03-4bca-bb63-054fa8b953db,coffeeaula.it,available,25.99,,72,1,14,name.com,,
2e2b731e-984e-4e73-aeb5-0047113c2aef,counsell.ing,premium,437.5,,82,13,11,name.com,,
2fcf6e35-648a-467a-975f-309292993880,inthema.in,available,11.98,,50,1,11,namecheap,,
330f336a-af93-409b-9c90-9e21082e50e5,lactose.free,premium,1250,,74,3,12,name.com,,
337bdf4d-595b-464c-9aa6-12b75a682fe9,Icouldeata.horse,available,43.98,,50,1,19,namecheap,,
33b92134-44ae-4c61-8182-bab269d12756,deepdiv.ing,available,16.98,,76,2,11,namecheap,,
35b18976-5d32-4858-a20a-9c300aef6d49,letsomeonehave.it,available,25.99,,67,1,19,name.com,,
393cd422-cf02-4e39-9e21-65a8630e5eea,conductco.de,available,19.99,,50,1,12,name.com,,
3a3b0fdc-c219-4597-8dc9-3e1571aa878b,nicelook.ing,available,16.98,,72,2,12,namecheap,,
3c0de379-2c57-42f4-8aa7-37dc4498c4d5,manycolo.red,available,14.99,,54,0,12,name.com,,
3c47b7c1-42fa-45b7-ab7f-8c6f5dcdce6e,fellowhumanbe.ing,available,16.98,,44,1,18,namecheap,,
3cd33eb8-d8df-406f-94b1-47e9acfb2c8c,episo.de,resell,,,78,17,7,,,
43ee2092-060b-486c-b6a8-3da76f99fe6f,tuna.fish,resell,,,74,3,9,"GoDaddy.com, LLC",17/07/2015 16:00,17/07/2028 16:00
459a426e-a096-4870-a951-76ec1a829895,fundamental.science,premium,6250,,66,2,19,name.com,,
4709bc84-de84-4164-a8ed-d9839b9183aa,s.cars,available,1999.99,2199,42,10,5,namesilo,,
47479867-8d3c-4891-a156-4b69c1f852c2,greenbuild.ing,available,16.98,,72,16,14,namecheap,,
47c53b4b-8db4-4bd1-b420-b25008c11f1c,organiz.ing,resell,,,76,12,10,Porkbun LLC,05/12/2023 16:00,05/12/2026 16:00
47ca5794-4e79-44f3-931d-b11d6d25ebae,inwrit.ing,premium,187.5,,72,3,10,name.com,,
48268da4-184e-46a9-8f65-49820b7732c2,letwellal.one,available,3.99,,47,1,14,name.com,,
48c63476-a735-4626-b2fd-b4c3ebae0e1f,satf.at,available,18.99,,66,1,7,name.com,,
49b77efb-e7ea-4d5a-b6f9-0ae0e9d50733,motorrac.ing,resell,,,74,4,12,Marcaria.com International,07/12/2023 14:39,07/12/2033 14:39
49bf1972-3a5d-4bf6-9384-4a784b3dbe47,nothank.you,resell,,,78,5,12,"Dynadot, LLC",07/10/2025 10:16,07/10/2026 10:16
4a2b131a-5ef6-4f31-88cc-982a252c026f,letterofcred.it,available,25.99,,72,3,16,name.com,,
4a4e8534-929c-4d8c-a630-1345a7784763,uptoanyth.ing,available,16.98,,52,1,14,namecheap,,
4bb5ba8f-dac7-4c85-9e7e-94ee83c75b40,getthejobd.one,available,3.99,,74,2,16,name.com,,
4cb2dd5d-2a41-41d3-be09-cc530d08dc6e,getthemean.ing,available,16.98,,69,0,15,namecheap,,
4d32fb62-923e-487a-85d9-5d7d31f1172b,unca.red,available,14.99,,57,1,7,name.com,,
4d5cdd3a-8a2a-4282-b86b-427ca2e60185,Trump.care,resell,,,63,3,10,"GoDaddy.com, LLC",28/06/2024 11:49,28/06/2026 11:49
4e4986ba-11da-447e-a345-6c55f5393170,CountyofSus.sex,available,154.98,,44,2,16,namecheap,,
4fa1b353-8f3f-46a8-9746-aafe94555ade,deepbreath.ing,premium,62.5,,74,2,14,name.com,,
4fce10b7-f693-4ab9-8c14-0c29276dfdf7,fitin.to,available,29.98,,84,2,8,namecheap,,
4ff8a67f-8496-4ef3-8458-0cf8f9d58069,gonedownthe.tube,available,23.99,23.99,30,1,18,namesilo,,
518a0a7e-fc75-4c37-9b57-b800d351f066,hardat.it,available,25.99,,74,1,10,name.com,,
520912f4-fbfc-499f-b22a-4031cbffd062,comeund.one,available,3.99,,66,2,11,name.com,,
521189f6-27b5-46b9-bb5b-9ac803880d1e,lookingforward.to,resell,,,54,2,18,NAMECHEAP,11/06/2025 02:27,01/08/2028 00:00
553027df-23ce-4d32-b84f-1fe9a63b51a7,costbenef.it,available,25.99,,52,3,12,name.com,,
555d12ea-b0a3-450e-a05d-7f7129066384,nonsmok.ing,available,16.98,,68,3,11,namecheap,,
56503fe2-faf8-47ca-8e4f-04aadff6fa7d,havethehe.art,available,7.99,,66,1,14,name.com,,
56a6a3ac-ae4c-4f49-90cc-c8c7f96b387b,publichous.ing,available,16.98,,64,3,14,namecheap,,
59b373b8-c0b6-4587-a010-08be6c15adb5,goital.one,available,3.99,,74,1,11,name.com,,
5b3e68fe-6b11-4154-bc7a-827919df7c98,diffe.red,available,14.99,,48,2,8,name.com,,
5d8806ba-a8ee-4e30-b6a7-5b8dd47c6721,eyecatch.ing,available,16.98,,76,3,12,namecheap,,
5d9ae80b-7983-4b54-af0b-51ea85759a8c,divinegui.dance,available,17.99,,57,4,15,name.com,,
5eb563a3-380d-45b3-be24-231cbd08588d,stepasi.de,available,19.99,,74,2,10,name.com,,
60cecd33-55f1-4417-8b79-8b646ff6c85e,goodas.new,available,549.99,,80,3,11,name.com,,
630a3ef3-bb84-491d-901e-f16148da578a,gobythewaysi.de,available,19.99,,62,1,17,name.com,,
63313f0d-d480-4c8f-af6c-e606df8cdc4d,holdingthe.cards,available,3.99,,44,1,17,name.com,,
653bacfc-db2c-4dc6-a0bf-0211d8c004d0,feelup.to,available,29.98,,50,1,10,namecheap,,
686a2725-d0a2-41c7-84b4-93653ae6390b,flashflood.ing,available,16.98,,52,0,14,namecheap,,
69f0a07d-887c-4ad2-9530-eca5489c3ff1,keepthe.faith,premium,125,,70,4,14,name.com,,
6a53031b-6927-4791-8e60-8428e536903a,coffeehous.ing,available,16.98,,72,1,13,namecheap,,
6b67ad12-5847-4c94-b1a3-90559c2c26df,mutuala.id,available,25.98,,78,9,10,namecheap,,
6bca3277-8e95-4e04-96f4-a309d95bfce5,datadoma.in,available,11.98,,52,4,11,namecheap,,
6ced9ac3-ec89-4955-9609-5b9604f4e22b,sta.red,premium,625,,56,4,6,name.com,,
6e220c76-4502-40ba-b34c-7d34c114bdc7,stepp.ing,premium,437.5,,73,5,8,name.com,,
7058e024-a3fa-4b5f-b437-3966f56304ba,strap.in,resell,,,68,1,8,GoDaddy,24/06/2010 12:01,24/06/2026 12:01
70cabf85-2768-49fe-87c3-ddc5721a23ff,de.voting,available,1448,,56,2,8,namecheap,,
716d45f2-50e9-40d3-97bc-2eb220774890,asperyourre.quest,available,1.99,,48,1,19,name.com,,
71dfbd21-bba8-4812-8334-ef6bb28ee93c,Iputitto.you,available,27.98,,50,1,15,namecheap,,
74d297cc-7351-4226-9d58-e1108f032e3e,bring.to,resell,,,74,2,8,Government of Kingdom of Tonga,24/02/2013 01:59,24/02/2028 01:59
75db6ee1-2fe0-4ae9-a46c-d8e2c461173e,alcoholpoison.ing,available,16.98,,48,1,17,namecheap,,
761c2cb9-8735-4b9c-857d-294da604d118,generalsofthear.my,available,3.49,29.99,48,1,20,namesilo,,
7766675e-8c73-40eb-9c12-aec7f288fae9,comerunn.ing,available,16.98,,74,1,12,namecheap,,
777b76cf-15d9-4416-90b5-d08fd4280551,longlast.ing,premium,62.5,,68,3,12,name.com,,
77bc11f6-7cc9-41f4-a8d4-55675dee4e72,Godk.new,available,549.99,,60,1,8,name.com,,
78e68855-1155-4c79-af1f-4993e8b6ce3f,comeknock.ing,available,16.98,,66,1,13,namecheap,,
794fa66b-ed71-430c-bbb6-81591a9cd6b5,flipp.ing,premium,437.5,,70,12,8,name.com,,
79691eca-9224-424d-9f1e-21e60062a184,makein.to,available,29.98,,76,1,9,namecheap,,
79a4ab39-9528-4bd8-b749-f24b52191dcd,smashin.to,available,29.98,,38,0,10,namecheap,,
7bf0f0d3-7ed2-4099-9136-d5d3bc31d5d7,Ilove.you,resell,,,64,24,10,"Dynadot, LLC",01/10/2025 14:58,01/10/2026 14:58
7cc2f40f-a189-4331-b357-3c6a4f3be27d,divineheal.ing,available,16.98,,54,7,14,namecheap,,
7d37dd76-e9ad-494f-994e-3a3d0c51dd12,ponde.red,available,14.99,,54,3,8,name.com,,
80a85d20-c2f8-43c2-a99f-0bbbcff299c2,estatefor.life,available,2.99,,60,1,15,name.com,,
8136b2d1-5031-4845-aed4-f2e13e86bf3d,Ilostmyhandb.ag,premium,,,50,1,17,,,
824f4b29-62fd-49f5-8e6f-3b5354d5bd05,leas.ing,premium,12500,,70,19,7,name.com,,
83e3667e-90e0-4de7-8f24-873d78fb989e,overanxio.us,resell,,,64,1,12,"GoDaddy.com, LLC",01/11/2012 19:00,31/10/2027 23:59
84159654-c26a-48db-a80a-c69fffdb52c4,gowalk.ing,available,16.98,,50,2,10,namecheap,,
8568ee9f-ede1-4f16-9e14-8eac97d28e70,proxybully.ing,available,16.98,,28,1,14,namecheap,,
85e9765d-12eb-48df-a2d0-fdbe5e7b6a19,youwh.at,available,18.99,,58,8,8,name.com,,
86158680-78f8-4ee3-9d4a-f5e598947325,sorethro.at,available,18.99,,64,2,11,name.com,,
879d41d1-6744-449b-99c3-32bd6b53d124,coffeemak.ing,available,16.98,,72,2,13,namecheap,,
87affeba-9afd-4ce8-bfaf-080eab11c68a,makeinterest.ing,available,16.98,,72,1,16,namecheap,,
881a8e2f-317b-494b-b3c6-c8ab260c98b5,mainta.in,resell,,,74,15,8,Porkbun LLC,11/10/2023 21:25,11/10/2026 21:25
88634c90-d9b7-4681-a8e3-5d4666b4cb54,leavewellal.one,available,3.99,,68,1,16,name.com,,
889ee3f7-f132-4e65-83d5-eadbc3d02eac,investmentbank.ing,available,16.98,,66,7,18,namecheap,,
89ff12d4-9653-4af4-9799-90d90be6d5aa,fastgrow.ing,available,16.98,,72,3,12,namecheap,,
8a4ff568-1dd7-4d52-9c6e-665b67d839d4,remembe.red,resell,,,65,8,10,"Sav.com, LLC - 10",03/12/2025 15:15,03/12/2026 15:15
8a86e71f-97ca-440c-93ec-7418bff15e4d,CountyofWilk.in,available,7.95,7.95,42,1,16,namesilo,,
8aea6b01-16c5-48ab-854f-1d30f0a06c4d,letital.one,available,3.99,,80,1,12,name.com,,
8c8f9205-c057-4e68-a3f8-0c7ac588aa29,sho.win,premium,625,,72,4,7,name.com,,
8cedbd4a-6836-46e9-b69d-e9524c338194,surfac.email,available,9.99,,67,1,12,name.com,,
8d90a037-3f9f-47bd-8e5d-26bb459e474f,gonumber.one,available,3.49,24.75,40,1,13,namesilo,,
8ed6d8fd-1fce-4d5b-92c8-f7d77b469332,generat.ing,premium,437.5,,54,6,10,name.com,,
903fb0f3-49f6-418a-aff3-d084bfe840b0,ladiesandgentle.men,available,9.48,,70,3,20,namecheap,,
90b56779-2b16-48c4-8920-c6d6eea25982,setinst.one,available,3.99,,68,4,12,name.com,,
91773555-417d-4f1c-8553-ac6d7ec3d06a,estate.agency,premium,2100,4200,42,4,13,namecheap,,
91f4800d-e29e-41e0-8d93-6f406a8e161b,scisso.red,available,14.99,,64,1,9,name.com,,
92133a16-b431-4acc-adc4-a4436c67c378,file.in,resell,,,68,2,7,"Dynadot, LLC",16/02/2005 06:36,16/02/2027 06:36
922f3c53-7027-477a-9c4c-141a93ba4441,givecred.it,available,25.99,,76,13,11,name.com,,
940eb13f-36e2-41de-b624-2aec52178a6c,Ineeda.guide,available,54.48,,50,1,14,namecheap,,
95b7bf29-f297-44e2-aa63-067641c8fc19,gettheballroll.ing,available,16.98,,72,1,20,namecheap,,
9739c09c-7e79-4593-be27-6a0ca51acab5,chisel.ing,available,16.98,,64,1,9,namecheap,,
9d307dcb-4895-4e6f-8097-ea712f9a02c5,finalreckon.ing,available,16.98,,58,2,15,namecheap,,
9d30a5db-e23f-47dd-9937-78f5aaa0eb31,dogwalk.ing,premium,112.5,,94,8,10,name.com,,
9d696df8-196c-46d3-a888-4918552c550f,desktoppublish.ing,available,16.98,,66,3,18,namecheap,,
9dc3ff94-8361-4af6-a178-c45bce393894,sheey.it,available,25.99,,68,1,7,name.com,,
9f8d417f-bf40-4ec4-a9a6-11d29ea7356c,spinydogfi.sh,available,59.99,,60,1,13,name.com,,
9f9b1d4f-d268-43cb-88b8-ee006887f52c,cliponmicroph.one,available,3.49,24.75,48,1,18,namesilo,,
9fa91ccb-f347-4e16-a351-7f64721ca5a2,havenoneo.fit,available,2.99,,56,1,15,name.com,,
a104a093-6a1f-45b7-9519-16c919dba2fc,whatwasth.at,available,18.99,,30,8,13,name.com,,
a2f9ba1b-d7cd-4cb7-975a-955eadf1306c,anapplea.day,available,16.98,,52,4,14,namecheap,,
a3f00a94-c281-41c9-b87b-e1907dd631a4,whatiswh.at,available,18.99,,56,8,12,name.com,,
a6a6e202-2739-4cf5-ab5b-7cd85cdd96d8,turnin.to,resell,,,86,2,9,NAMECHEAP,28/04/2025 02:27,01/08/2028 00:00
a709cb91-80c4-45cb-b73e-fdfeba9ef456,landscap.ing,premium,1625,,80,16,11,name.com,,
a8c27b57-d922-464c-965b-8991b97d7f94,gostr.ong,available,16.99,,74,4,9,name.com,,
a976307e-8012-402f-8088-c228fb402d12,blur.red,resell,,,62,9,7,Porkbun LLC,06/07/2022 13:15,06/07/2026 13:15
aaf1e42d-a315-4cdc-b424-7c0b05edf812,proxy.voting,available,1448,,62,2,12,namecheap,,
ac7a7376-8993-46b5-89a3-04a1d51bed85,costbene.fit,available,2.99,,52,3,12,name.com,,
acea8045-f6ee-4310-8f26-02bb7867fc23,costof.business,available,3.99,,44,1,16,name.com,,
acff4e87-8cc1-4e17-ad79-92d9baf72fb9,oranyth.ing,available,16.98,,44,1,11,namecheap,,
ae612811-f9f3-4df7-94da-daf0632a3daf,demot.ing,available,16.98,,46,1,8,namecheap,,
af01b14c-1ebc-4b57-a4e7-1d812844e76a,musclet.one,available,3.99,,77,2,11,name.com,,
b0084060-8167-423b-a33b-e30e940c2032,bebothe.red,available,14.99,,63,1,11,name.com,,
b18432a4-ddc6-40ae-8fac-834fc234387d,standardiz.ing,available,16.98,,43,1,13,namecheap,,
b21de5f4-d653-4938-bf0e-d96820ce740a,haveno.business,available,3.99,,60,1,16,name.com,,
b42730a7-9c42-4ec0-a62c-f1424eb4544a,mouldbreak.ing,available,16.98,,64,1,14,namecheap,,
b4bb98b2-ab50-4b3a-afe2-af828121fb72,dryclean.ing,premium,62.5,,74,9,11,name.com,,
b4fd58a4-4d38-459a-8d50-26de47370a1e,comeon.to,resell,,,72,1,10,NAMECHEAP,29/09/2023 02:27,01/08/2026 00:00
b587d63d-81a7-419a-91ce-dbc53f87f6aa,lunchmak.ing,available,16.98,,78,1,11,namecheap,,
b5d9841f-07ac-4930-91bc-0025e8de5ce4,IsleofPort.land,available,54.98,,52,2,16,namecheap,,
b6777360-c8b4-47f5-a3d5-b50eec8caefb,joggingsu.it,available,25.99,,61,1,12,name.com,,
b701c69f-c075-4519-aa82-4879724dab26,generallyspeak.ing,available,16.98,,58,2,18,namecheap,,
b7eb84c2-73ca-490a-84da-37e6eaa6eb6a,letoffs.team,available,7.99,,76,1,13,name.com,,
bd2d5eb5-42dc-45e3-9be8-b991e23c0abd,goonholi.day,available,16.98,,68,1,13,namecheap,,
be33febf-b93f-420b-8573-f4759ef1a393,pape.red,available,14.99,,50,3,7,name.com,,
bf6b143d-06e7-46af-9a4c-ac9cfa3267fd,inthelim.it,available,25.99,,50,1,12,name.com,,
c0d822b4-4159-48ee-9430-94035620364e,refus.ing,premium,112.5,,40,3,8,name.com,,
c2126594-6dea-44c1-915e-62fbaf575ce9,manysplendo.red,available,14.99,,60,2,15,name.com,,
c2efcfda-83c7-4e59-b8a3-7b7459fcff6e,Q.tips,resell,,,60,4,6,"GoDaddy.com, LLC",31/05/2025 12:50,31/05/2026 12:50
c58d6114-1048-4abc-9e10-3fe72abbc851,gol.ong,available,16.99,,74,6,7,name.com,,
c8c2a79a-7471-4852-aea0-d211db2c6783,communityspir.it,available,25.99,,72,2,16,name.com,,
c9df0ab4-a2cd-49ff-9f50-dcba5edb65f4,runthes.how,available,34.99,,73,3,12,name.com,,
cb2c3ae7-0771-4bae-a1c7-4415af42713e,setap.art,premium,52.5,,72,8,9,name.com,,
cb807394-3c44-4884-8b87-d051196f6489,plant.community,resell,,,66,2,15,IONOS SE,15/03/2025 19:13,15/03/2027 19:13
cddf91a2-99b5-4ed8-9d62-141622938c76,havethebestof.it,available,25.99,,68,1,19,name.com,,
ce38bb6d-56b6-4fac-b3c3-31690d110a53,go.fast,premium,7000,7000,74,15,7,namecheap,,
d0376da1-158e-4554-a42c-cddca1cc77a1,manycolou.red,available,14.99,,60,1,13,name.com,,
d03e5b31-bc37-42f6-81fb-2c039c539418,evryth.ing,available,18.99,,64,3,9,name.com,,
d11f771f-dda2-46e8-91b9-36d482353a79,besupposed.to,available,29.98,,60,1,14,namecheap,,
d6997dcd-1b7c-4eca-a2db-921e0e6ecf3f,styl.ing,premium,1625,,78,11,7,name.com,,
d89d04ea-40bd-480a-8902-8b01ef3b4b05,advertis.ing,premium,1625,,80,28,11,name.com,,
d91159a2-0536-4ab9-a2c9-af5d509e622b,rumou.red,available,14.99,,50,2,8,name.com,,
d9365b0c-29f2-4a3a-9bbd-558554a0e848,thewhole.shop,available,2.99,,42,1,14,name.com,,
dba4736e-6cf2-4b11-8e55-cd1eb6181265,nosmok.ing,premium,62.5,,54,5,10,name.com,,
dcc81843-a725-45bf-88d9-9a0641917a8d,disobey.ing,premium,112.5,,46,1,10,name.com,,
dcec697d-089d-4f31-9a3d-2c8032dcf177,jollyal.ong,available,16.99,,82,1,11,name.com,,
dedcfea0-eeb7-4e0a-a1c5-25541df6c389,landed.estate,resell,,,42,1,13,united-domains GmbH,12/02/2014 16:00,12/02/2027 16:00
e0b9ecb6-11a6-4749-8552-45799c0daa8a,generalmeet.ing,available,16.98,,46,2,15,namecheap,,
e0c7191d-bd39-4daf-beff-1952829c3768,comeonstr.ong,available,16.99,,66,2,14,name.com,,
e13dea7d-6fa6-4132-bc1a-efd76070e95e,AmazonRiverdolph.in,available,11.98,,72,1,20,namecheap,,
e1b3b9cb-8706-43ff-ae65-e742bd7f7486,GodtheHolyG.host,available,47.48,,58,1,18,namecheap,,
e543e83c-8f8f-4492-9cda-1058f652fa10,justyouwa.it,available,25.99,,46,1,13,name.com,,
e58d60dc-5a06-4d10-895f-29eb66e6201a,whites.now,available,49.98,,76,14,10,namecheap,,
e66821f5-59e3-4aba-ad02-a5ba7f259b59,childbenef.it,available,25.99,,60,8,13,name.com,,
e8fbe7ee-5c54-4e63-a13f-555d58b95b83,likeas.hot,available,58.98,,56,1,11,namecheap,,
e995cfa2-0a78-47d0-9638-7fa0fbcef6cc,fastact.ing,available,16.98,,72,1,11,namecheap,,
e9f5fe06-c1c3-4b61-91f5-091c08a31451,utiliz.ing,premium,187.5,,54,2,9,name.com,,
ea16b604-0861-4130-b087-7c258acc8f3b,tapin.to,resell,,,68,11,8,NAMECHEAP,12/01/2020 02:27,01/08/2026 00:00
ee1e54c6-041a-4495-937a-a37f9f7a3f03,youknowwh.at,resell,,,34,8,13,"GoDaddy.com, LLC ( https://nic.at/registrar/693 )",,
ee85c539-2166-4fc5-ad6e-cb9e3e3b0400,gonowhere.fast,available,35.98,,50,2,15,namecheap,,
efb25073-1147-41f2-80ad-eea4a2ae45f8,thanksgiv.ing,premium,1625,,84,13,12,name.com,,
f07f05d3-d0c4-4679-ab01-395c5107cb95,ibank.ing,premium,112.5,,76,7,9,name.com,,
f1321987-533f-43fe-9913-a8a7142bb92b,passinggra.de,available,19.99,,64,1,13,name.com,,
f1562fc9-6dcf-4456-9389-e86e1d1d0f89,strepthro.at,available,18.99,,68,2,12,name.com,,
f1bdad28-43f5-4c72-a8b4-b4eb6c782eb9,proprano.lol,available,1.99,,68,5,11,name.com,,
f284d204-9bf5-4ce0-a371-eb2d1cd3aafd,generalsofthe.army,available,19.99,,48,1,20,name.com,,
f46672ad-73b2-45fa-b762-e3fb29bcea0b,changethe.channel,available,16.48,,62,1,18,namecheap,,
f4ea4561-b376-4535-bb5c-91f691cb998c,godownfight.ing,available,16.98,,44,1,16,namecheap,,
f54713d6-156f-4a9e-b520-248f4ed13a15,fasttrack.ing,available,16.98,,48,3,13,namecheap,,
f7a3a42a-0381-463c-bada-d4292ee3f71b,backbreak.ing,available,16.98,,54,1,13,namecheap,,
f7b9bd8f-1f02-40e9-97f1-3ab770a52aa6,whok.new,available,549.99,,54,7,8,name.com,,
f84b8f17-5b35-4514-a8fb-72e94bf91ff1,pizzatopp.ing,available,16.98,,48,1,13,namecheap,,
f91f16c7-77c0-40cb-962b-b1884e59c4f5,spinydog.fish,available,19.99,,60,1,13,name.com,,
fb4d8222-93e6-4646-a605-791d65552f40,keepitmov.ing,available,16.98,,68,5,14,namecheap,,
fee59d6f-0eab-4568-981d-9f6df329ee82,clearsail.ing,available,16.98,,72,1,13,namecheap,,
ffe55623-420b-4c58-94f7-dfc13af893c9,makeup.sex,available,154.98,,56,2,11,namecheap,,
025672be-9230-4ecc-a86e-04c7d0a9a57f,acino.us,premium,,,50,1,7,,,
e15bc41e-ad73-41c0-a44b-327066fba4fb,lookunder.rocks,premium,,,68,2,16,,,
b9138eef-9bd6-4b87-ae7c-877b31ec7fd5,flavorso.me,premium,,,58,76,10,,,
ff27ac91-287c-42ca-b326-d556f3afcfc7,boxple.at,premium,,,58,72,9,,,
2160b337-c0e0-4ae7-a9ed-98ac2529cb56,animatedo.at,premium,,,56,4,12,,,
6a5695ef-4ae1-44a9-988b-4a58927c99d5,billof.store,available,2.99,72.99,52,72,13,name.com,,
0d63a345-8240-4ca3-8b48-5e4a926a1f7f,gr.in,premium,,,102,18,4,,,
7d74ae14-27cd-4837-9c1e-1d6a4649841f,basu.co,premium,130,33.8,56,72,6,namecheap,,
5784b39c-b437-43e2-b3a5-3a60d6911b48,GreaterCaucas.us,premium,,,52,72,16,,,
6e566636-49e8-40eb-9254-d121246d6f21,Troyga.me,premium,,,64,72,9,,,
cd130e53-7ad2-404e-ba26-b3a4475004e2,apogamo.us,premium,,,41,1,9,,,
47e12950-eec6-4232-ba4d-683658d0ee1f,Aga.me,resell,,,60,88,6,Dynadot Inc,17/09/2011 02:35,17/09/2025 02:35
31b6bec8-d531-4e03-9e81-8c906f8c32bd,dat.ing,premium,,,78,32,6,,,
f76f5737-cb05-4a8c-8794-65513c0cb3f9,breathtak.ing,premium,62.5,,74,8,12,name.com,,
f14594c9-8448-41c8-8fb9-5a217f8e387d,doubleti.me,premium,,,58,76,11,,,
1e5e791a-0277-4c9d-b753-71dc747f0558,gobigorgoho.me,available,11.99,26.99,72,3,17,name.com,,
db3cad30-6c2c-41d0-89d8-b784c3b44aeb,slight.ing,premium,,,64,7,9,,,
4ae72c79-4be8-4c3b-b590-8e7d5d94b052,householdinco.me,premium,,,60,72,16,,,
fc685479-aa87-4e0e-95a8-65ffbadd7bab,b.land,resell,,,54,12,5,"Sav.com, LLC",08/10/2025 02:21,08/10/2026 02:21
645e6a30-a421-4e58-a644-00fa6781232a,concertogros.so,premium,,,62,4,15,,,
53d7a6b4-445c-4926-9a16-7254a1cbd69e,inthesamebo.at,premium,,,52,2,16,,,
41453179-3a8f-4c9c-80dc-86b7fba667d4,jul.io,resell,,,60,76,5,101domain GRS Limited,27/05/2009 18:58,27/05/2026 18:58
9b5d6b6d-044e-48c7-a970-997590acedb4,francis.ca,premium,,,72,3,9,,,
2d9d9108-cab4-417b-965e-e549f64ce99d,baselinega.me,available,11.99,26.99,34,4,13,name.com,,
c6ec024f-5141-4f41-b5de-706c2d20fe6f,inthefle.sh,premium,,,70,3,12,,,
e4aecb67-6b33-4861-98a1-a50ec62ce203,roco.co,resell,,,74,84,6,Dynadot Inc,29/09/2011 15:57,28/09/2025 23:59
2ef6f638-151a-48c1-8071-6a9d2a5339cb,hack.ing,premium,,,56,29,7,,,
b745fea8-f64f-43a9-ab08-bd8562aedfc5,reveal.ing,premium,,,87,30,9,,,
eab5a76c-c0b4-46b8-837b-95f53aa61528,solarti.me,premium,,,,24,10,,,
38a8edb2-ab78-459b-adfc-dfec684a36e3,dressh.at,premium,,,58,72,9,,,
e2c0294c-9c99-4d32-9c68-314632df414f,trac.ing,premium,,,70,8,7,,,
8e6587a8-8dbd-4350-9aa9-62a6128c60c8,innumero.us,premium,,,58,72,10,,,
82790c16-43e6-4006-9e29-5bc0578e325c,halffra.me,premium,,,54,72,10,,,
9e446b34-200f-44db-904b-799b35c611b6,parking.spot,premium,,,70,5,12,,,
e0331f39-487a-4b10-99fa-494bea242e37,MrsCla.us,available,10.48,,56,40,10,namecheap,,
1df3fe55-1a62-4910-9392-b1758a9e5e42,violet.gold,resell,,,,11,11,"Xiamen ChinaSource Internet Service Co., Ltd",18/08/2023 15:15,18/08/2026 15:15
c102b5db-524a-4f53-93b2-1ead651cfb2c,judicio.us,premium,,,56,72,9,,,
14cfb670-d1cc-4b1e-a0a4-e70ac0bd27c6,al.ong,premium,,,66,7,5,,,
62144e4d-6bfc-4e7c-9124-cca9b5a6d1ab,somes.ing,premium,,,58,2,8,,,
e5bd165b-9a60-4bdd-8b2e-a4311f30fb93,Indianticktyph.us,premium,,,56,72,18,,,
6776cdbf-92f2-4f07-9c9b-052437263d2e,barbaro.us,premium,,,40,1,9,,,
0c74660b-5428-4bcc-87f4-1f34e1b00d65,basilisc.us,available,6.99,10.99,52,72,10,name.com,,
babddba0-09c9-4b40-a75b-89c272a3fc0a,burn.ing,premium,,,76,27,7,,,
344f02b1-e9be-4bf5-907e-173abef84819,k.now,premium,,,116,31,4,,,
19b6fb7d-306c-4b8a-85a7-ea39dca5e32d,elapsedflyingti.me,premium,,,60,4,19,,,
7ed24b6e-a97a-4bb3-a4ee-fcd987cd6703,KnightsofColumb.us,premium,,,52,76,19,,,
a24fd679-43e7-4568-8f25-376ecb4e84b0,outof.date,premium,,,,1,11,,,
1dd6f75b-1243-46dd-87f6-10da8c9a7643,de.co,resell,,,68,88,4,Hello Internet Corp.,25/02/2010 13:34,24/02/2026 23:59
6492d288-5e33-4c5a-a284-dc06078d4291,k.ing,premium,,,97,44,4,,,
3d08218a-b567-40bc-8f2e-c0ab8bdaf070,litu.us,resell,,,62,36,6,Dominet (HK) Limited,10/02/2025 10:15,10/02/2026 10:15
3984cb2a-98ae-4e59-8b35-e05d56dd6935,guardbo.at,premium,,,56,72,10,,,
75088f33-091e-4399-8531-5d3f514ca3df,bluelightdis.co,premium,,,62,72,16,,,
dc4708e3-7491-4e7b-9ae8-f7f109af027d,threaten.ing,premium,,,70,2,11,,,
87a443b1-027d-4e8d-bd27-378475ff28bf,muff.in,resell,,,86,17,6,"Dynadot, LLC",14/07/2009 20:00,14/07/2027 20:00
84a7dc19-2d77-4ae9-9f14-5bf3731fd3e6,Lands.at,premium,,,48,80,7,,,
0bc9199a-6fd8-42d0-94ad-25cdca1c1958,aptero.us,premium,,,43,1,8,,,
fa23fcc2-b86d-4bd6-b216-93d998c9d32d,ma.in,premium,,,94,99,4,,,
1c6c8668-ea18-4cd5-9a1b-3582117cd1cd,pithh.at,premium,,,60,72,8,,,
ad2aa6c2-fffa-44aa-92ab-956840397b6d,wholewhe.at,premium,,,,16,11,,,
8aaefbc4-764b-4d9b-a4c0-47fbe9b295d5,gobegg.ing,premium,,,62,2,10,,,
712a8779-b759-4082-add8-936970775b3d,payasyoue.at,premium,,,,72,14,,,
5616ed20-1099-4a44-b469-e9e71176f712,autoico.us,premium,,,48,2,9,,,
be7b68f7-daaa-4198-b93e-f20c0fd4c2ee,youknow.it,premium,,,84,3,11,,,
f30a5e26-249b-4b93-b2e7-0871583d05db,tripleti.me,premium,,,,72,11,,,
1404cfbe-be39-4009-b8e0-9ee8139bc635,thaddae.us,premium,,,46,72,9,,,
a5e2d869-1d81-4b0d-911e-32e13fab5b2f,solicito.us,premium,,,54,76,10,,,
2e26a204-cbc6-40f9-b8fe-adb6d4562989,dogwhe.at,premium,,,54,72,9,,,
24318530-07b7-4744-a998-e0d0b8472d03,passtheh.at,premium,,,,72,12,,,
f636d147-64ea-47be-bcbc-b71c8b8ff7ac,arch.ing,premium,,,64,37,7,,,
78efdcb0-ff22-4982-8abf-bde69535a8f1,asthedayisl.ong,premium,,,44,1,18,,,
d0a8fbaf-f9ae-4b9f-bfa0-2bdb6ecd954d,youneverk.now,premium,,,,9,14,,,
ffada0f9-3145-442b-a40b-7a7d12b258b9,corporationb.us,premium,,,52,72,15,,,
5c83d777-b734-410d-bf1a-fd506b63f29f,officena.me,premium,,,,8,11,,,
a67f7f73-2f42-496f-a11f-a61f1a87e139,continu.ing,premium,812.5,812.5,70,4,10,name.com,,
037faaa7-d26b-4770-b340-ddbadfd10746,grant.ing,premium,,,72,3,8,,,
df96603f-026e-41cb-b521-312fcd4cf00f,homoecio.us,premium,,,48,1,10,,,
3e09fbe2-3417-4b0e-a97b-66061f183988,dutytoretre.at,premium,,,54,72,15,,,
5934a229-2ded-4ad3-8692-f0f5894c0553,yougetth.at,premium,,,,72,12,,,
7991ad06-0157-4f17-8035-bcc7d54b5c1d,baccalaure.at,premium,,,54,72,12,,,
e5cdabff-efcd-4d0f-a84e-3e7360d1f2a5,fallin.to,premium,,,68,2,9,,,
884ff833-befb-4cd9-9beb-ad4d28490269,holdontoyourh.at,premium,,,42,72,18,,,
a33a0604-b5fd-420d-bfb0-26cc5b2dfb2d,seatingti.me,premium,,,,4,12,,,
0c416fbf-35c6-4c75-b447-e35fa34b7ba9,firstexitti.me,premium,,,54,72,15,,,
17f06ac4-a906-4f75-997e-725fca2753fc,moorga.me,premium,,,52,72,8,,,
2a79e46f-5cd8-4d92-a064-d551cce39bab,Barbiep.ink,premium,,,80,11,11,,,
27899842-c471-470e-9dca-75287f8c4a13,noswe.at,premium,,,,80,8,,,
6888111f-9db8-4135-b488-5777c529f219,frontsideb.us,premium,,,54,72,14,,,
a975d3c4-c54d-4d36-9058-d9e451461408,runn.ing,premium,,,66,26,7,,,
9e6659bc-e0ad-41bf-a92b-9d7478d20b79,abdomino.us,available,6.99,10.99,56,1,10,name.com,,
1cf1d889-a041-41d2-a1b6-a0da4d919320,gasl.it,resell,,,64,36,6,,03/12/2019 09:00,08/10/2025 00:00
f372a360-8776-4adb-8935-dcc4779e4b1e,limest.one,premium,,,64,12,9,,,
8a384645-5687-46e6-a316-2c5683668212,daminozi.de,available,19.99,19.99,52,1,10,name.com,,
37d4aa55-49f5-404e-be4b-3bdee7681e1e,mahur.at,premium,,,66,72,7,,,
3f816757-db0b-4611-881f-9e46a21df2f6,wholeso.me,resell,,,76,19,9,"GoDaddy.com, LLC",09/10/2011 22:26,09/10/2026 22:26
e1ddbaef-64a4-44cf-a059-b36c5410eb48,wr.ong,premium,,,122,14,5,,,
5772ee7d-e7a2-4b28-b253-127026c54f45,carrytheb.at,premium,,,66,72,13,,,
0e829cf1-744a-4a95-a16b-593c4bc02a82,ammoni.ac,premium,,,64,2,8,,,
f6cb2471-3ad7-4bd8-b6aa-f125cd4275ff,alarm.ing,premium,,,84,3,8,,,
a6da5046-769b-40eb-8ba2-49e16f820525,t.one,premium,,,62,21,4,,,
3702a67b-108a-4c32-8fcb-ed26026e6b79,impresar.io,resell,,,64,84,10,"GoDaddy.com, LLC",12/03/2011 01:47,12/03/2026 01:47
017346a4-734d-4b76-a28d-92d8a9e483cf,tw.in,premium,,,80,23,4,,,
7ff3aefe-0104-4e5b-b8b9-1f3709e5279e,accumulat.io,available,44.99,59.99,52,8,11,name.com,,
fa5001a1-7ab8-4d3d-acf1-34fde1835eba,Africanpygmygo.at,premium,,,56,72,18,,,
89a62373-21c6-4eb9-b313-e0aac3a4111b,pleasurebo.at,premium,,,58,72,13,,,
79f1feae-f571-47a7-9f8a-3964a54f45b8,crushh.at,premium,,,56,72,9,,,
5cab00a9-c810-4300-8286-af67eabc711d,tempt.ing,premium,437.5,437.5,88,5,8,name.com,,
e541f42f-88cd-4cf0-856d-840cabfc8f4a,internalrhy.me,premium,,,54,72,14,,,
28a6ae1b-f8d0-4f47-9279-8e9b2a395091,analpha.bet,premium,,,64,1,10,,,
41763187-8984-48d9-81fa-6c2ed1f8a0c4,harpyb.at,premium,,,54,72,9,,,
6731bbc7-dc5a-4b59-923c-67f727ff338d,snip.pet,resell,,,92,16,7,Porkbun LLC,05/06/2024 17:00,05/06/2026 17:00
c6b2b27e-4b11-4c70-8fd7-9062151d15ff,Eurocr.at,premium,,,54,72,8,,,
94a4acca-cf8d-4433-a143-316a4e1cd54f,inorderth.at,premium,,,,72,13,,,
d98e6dbd-5f4a-4313-9bc5-eb0bea015230,beerh.at,premium,,,56,72,8,,,
97330776-74a6-4679-812c-7f87e24279f5,insectivoro.us,premium,,,54,72,13,,,
65e695c2-bb01-4f85-b047-5eb507f0a622,posit.io,resell,,,,8,7,Gandi SAS,10/06/2020 20:48,10/06/2026 20:48
b231ab11-a4c2-448d-b4a3-670d765f1175,goldene.gg,available,70.98,,74,72,10,namecheap,,
a170171b-bd46-4ae6-adcd-a914434a0998,babyse.at,premium,,,68,68,9,,,
5342cac2-62f1-440c-af09-9ab739b1f2de,conspect.us,premium,,,56,84,10,,,
9b380d1b-8815-48e0-9f70-b7a85cf18ed0,strawh.at,premium,,,74,84,9,,,
dfe3ab7f-fc7e-4369-8831-cd6e05a7aa53,reti.red,resell,,,76,12,7,Porkbun LLC,09/09/2024 20:10,09/09/2026 20:10
65f15fc9-8eb5-49b8-9ecf-5161ec4489a0,f.in,premium,,,54,30,3,,,
d54e100a-df10-488c-849d-6335910dbae9,NewEng.land,resell,,,,14,11,Dynadot Inc,16/02/2014 20:00,16/02/2027 20:00
1e08d463-9f75-4be8-8e46-1f9b2ab66bb1,grayh.at,premium,,,54,76,8,,,
a5f3d9b3-a44b-4d0e-aa9f-65329b79f258,thiseven.ing,premium,,,,7,12,,,
592469c8-b8c3-4361-81ae-b229bcf6be84,AberdeenAng.us,available,10.48,,54,68,14,namecheap,,
efd4b333-d78a-43a8-a536-7229770eda6b,accommo.date,premium,390,130,92,7,11,namecheap,,
6c642015-0702-4ad9-bf40-a9649744e51e,passal.ong,premium,,,75,3,10,,,
911da939-2ad3-49a2-9d7f-b460ed82619d,dur.ing,premium,,,62,7,6,,,
adfb4acd-6f85-4b16-9a18-2da801ce918d,assemblyti.me,available,11.99,26.99,64,8,13,name.com,,
fe5b40ab-7085-4346-af30-1441fe00a620,barit.one,premium,,,54,3,8,,,
0d642cef-3d86-43cf-9570-9d43cfbf5236,ba.red,premium,,,54,3,5,,,
4c588dda-e4a3-4fba-a000-b3ecd3519a07,loudspeakercabi.net,premium,,,38,4,19,,,
32eac6aa-d9ab-4c88-b2f1-ee6b7d2e7f79,interven.ing,premium,,,60,1,11,,,
0ebedd19-e66c-4628-9315-8215dd3bf8b3,ly.ing,premium,,,78,7,5,,,
04eb3902-c2fb-42b8-baa8-0ff4b876cc30,primoso.me,premium,,,54,72,9,,,
64790c09-9cb8-4545-8f0d-0729ff9cdc9b,mani.la,resell,,,92,14,6,Dynadot LLC,20/02/2008 11:59,20/02/2027 23:59
f4ab934f-b3ec-481a-ae62-54f0a729b569,makrutli.me,premium,,,58,4,11,,,
24419950-f060-4e55-96ee-0b224982a37c,horseshoeb.at,premium,,,52,72,13,,,
2044db2c-e88b-4591-9afd-8dd84586a196,coonskinh.at,premium,,,58,72,12,,,
653e57ba-2a03-484a-9fb0-64fd82ed9786,tatafor.now,premium,,,,1,13,,,
17d78518-1c7b-48ea-ae1f-a80a14333f4e,goodgracio.us,premium,,,62,72,13,,,
0540189a-d9ee-430e-b679-cb91648e0f4d,AmericanEngli.sh,premium,,,76,4,16,,,
1bf08620-4dbc-462c-9441-9cdf595bf5ce,worsen.ing,premium,,,58,2,9,,,
4e6b2c4c-53fa-43e5-a9a7-504ec1d9d544,attacking.zone,premium,,,60,72,14,,,
3cc5b8ed-caf1-43ed-8ec5-627d2d86c2e1,confirm.ing,premium,1625,1625,73,4,10,name.com,,
dfe2a347-a2ee-463e-9e4c-9b504a5c3705,adultero.us,premium,,,50,1,10,,,
14577469-0e9e-4902-ae61-9f1d80984834,breakaswe.at,premium,,,58,72,13,,,
eb9380ab-3b7e-4d04-8c44-35f56345f358,baryt.one,premium,,,60,0,8,,,
4757c491-e13e-4dea-bfe6-1d975dffd397,orangeb.at,premium,,,52,72,10,,,
1ea86732-0c3b-40d6-9b7c-ea5d80df3c5f,pu.sh,resell,,,70,37,4,101domain GRS Limited,29/04/2011 01:15,29/04/2028 01:15
73f42384-8f42-40b8-ab05-0adb9f6cfa22,st.ink,premium,,,86,11,5,,,
1d873954-d10d-4335-9edb-8c7e49f609f7,aw.ing,premium,,,58,3,5,,,
728eb190-b7a3-4d65-abcd-402e503ad4ad,chiliconque.so,premium,,,62,12,15,,,
d5ec05a4-f84e-447e-8c36-d39837507fcf,a.im,premium,,,77,29,3,,,
eed102c9-7919-4190-ab1b-933b09c07cdb,Ychromoso.me,premium,,,,4,12,,,
ae3b4122-0a46-455d-8a10-6e838b4d40cb,accept.ing,premium,3750,3750,74,16,9,name.com,,
211becb0-81a7-4a70-9f6c-57024d9e8ac5,financialrat.io,available,44.99,59.99,42,8,15,name.com,,
ddca2af8-01ee-48a4-9c58-bef964df20c9,creepingthy.me,premium,,,52,72,14,,,
e5f0cad0-f039-4bbb-9b1b-6c8e9bf67af8,hardrealti.me,premium,,,54,8,14,,,
850f816e-a6cf-45c4-85df-4b79664617e3,commonlin.net,available,16.49,19.99,62,8,13,name.com,,
9c559cbd-4c91-488e-830b-251a025e4f3b,artilleryfung.us,premium,,,52,72,16,,,
defb8339-13d0-4bb5-b764-a2d97cd56ac0,agel.ong,premium,,,58,1,7,,,
50838982-56ec-4621-a8a7-b55bd506795f,gran.dad,premium,,,68,15,7,,,
626e80bc-be2b-457e-8975-40f293227e13,letterspac.ing,premium,,,67,1,14,,,
33190cbc-8069-4848-ac52-c111117a9586,bigmanoncamp.us,available,6.99,10.99,64,76,17,name.com,,
ab064ac8-cbdc-44e4-b5d1-0a511e8af6ea,oldasti.me,premium,,,,72,11,,,
f1191cf1-0032-461b-8dba-36793e97ae13,nea.rest,premium,,,60,10,7,,,
be5ad88a-37e5-4fdb-9199-fbead32c2e96,gallgn.at,premium,,,54,72,9,,,
178828f9-e97d-4508-bdb8-3cf5ad918bf3,Greekchor.us,premium,,,60,72,12,,,
7be142b1-1209-4950-93d6-43668284dc26,smokedme.at,premium,,,,72,11,,,
b314eb34-74d3-469f-adc2-43c466176954,midspr.ing,premium,,,98,1,10,,,
1b4253ef-ebd6-4f26-916e-e339abc83285,kangaroor.at,premium,,,52,72,12,,,
2d2067d5-2ff2-4462-81a4-b0c55b8bcbb9,crowncact.us,premium,,,56,72,12,,,
428ab8eb-37e1-4203-a530-59b51aad237b,declin.ing,premium,,,62,2,9,,,
a5bae693-6321-4ccb-81ec-6b47ff380247,semiprecio.us,premium,,,,76,13,,,
4b4bc301-72da-41a1-a5e6-ddf22340fa6a,Iriomotec.at,premium,,,54,72,12,,,
c5372be3-4988-49c6-a354-5dde511c0212,beatahastyretre.at,premium,,,56,72,20,,,
506f53af-ddf5-4957-b0eb-e610cea7c2dc,torpedobo.at,premium,,,54,72,12,,,
315ff73e-6c18-45ee-a175-73d5f641de19,hugemongo.us,premium,,,62,72,11,,,
8ed4d84b-4606-40e6-80e8-d6015a9bf13e,tothinkth.at,premium,,,,2,13,,,
a4e75e9c-e07b-4aa0-912b-ffd56ca43844,forthelongestti.me,available,11.99,26.99,50,72,20,name.com,,
a7b5fbaa-8eb6-4aa5-8ee6-d46412fbb968,snapp.ing,premium,,,66,5,8,,,
3c62347f-97d2-4cda-b734-0659b5f92ab7,firsthitti.me,premium,,,56,72,14,,,
a5dd7840-c79a-4a11-b2bb-b9cc2a93ca2a,controll.ing,premium,,,78,9,11,,,
83799f7e-6051-4988-a18b-7f98baa1bb76,pouchede.gg,premium,,,56,72,11,,,
d52d21f2-50ca-476f-8fd6-6e0d2ae1f7c1,s.lighting,premium,,,56,1,9,,,
211dbc87-a7c5-452c-a378-4b58867b5051,pleas.ing,premium,,,96,8,8,,,
45e906ec-5e32-4fa3-8a6d-05f2d8e58cee,whe.at,premium,,,58,72,5,,,
152eba2d-c625-42f9-ba39-6e941a5ae3d0,popasqu.at,premium,,,,72,11,,,
b9ef28d3-8014-4722-9167-e378b491ea20,antle.red,premium,,,47,1,8,,,
3d53fe33-0026-4283-9268-4fd49320ee46,porkf.at,premium,,,,16,8,,,
fe87404c-5ade-4f91-81bd-09dc99af5d6e,normalti.me,premium,,,,8,11,,,
5cc09fed-e36f-4147-bff6-277291f0a974,transistorrad.io,available,44.99,59.99,64,76,16,name.com,,
968868dd-1728-4398-981a-66cc72f3af87,surco.at,premium,,,58,72,7,,,
656602fe-fee7-4bea-ad38-8e6ba6f726a3,dismay.ing,premium,,,82,3,9,,,
513fa4d5-f6a4-40a0-8ad7-c2ca62965b1d,moneymarket.fund,resell,,,72,1,17,"Sav.com, LLC",09/01/2026 21:10,09/01/2027 21:10
5c92b79a-5c8d-4042-9264-c57f8aaef268,morn.ing,premium,,,76,26,7,,,
4c9aa96b-f942-4f65-b9ad-000f1ac4003c,thinkaga.in,premium,,,,5,11,,,
68ec5a3e-aab2-40e1-9123-eea22e6ef227,receptionc.hair,premium,,,68,1,15,,,
18cc0357-cd49-4d50-a9ad-c78b4c42dd58,meerc.at,premium,,,66,80,7,,,
208bf601-a1fe-4081-a531-5f80aa97741e,enterin.to,premium,,,66,1,10,,,
8c6bf904-9dcb-4a61-b3f5-a5eb72d5f4a1,tick.ing,premium,,,64,5,7,,,
1a18ea9a-85f8-4eac-8aab-ed75dec46ade,fl.ing,premium,,,62,17,5,,,
3bf019f5-60f7-48dd-94d8-19d57a71c8d9,waltzti.me,premium,,,,72,10,,,
4e477842-5016-45a4-b1a9-05bd7c7af4e2,BoDiddleybe.at,premium,,,64,72,15,,,
2fc816a9-cfc7-45ef-a654-db42588659f8,getin.to,resell,,,72,13,8,NAMECHEAP,28/04/2023 02:27,01/08/2026 00:00
354aa8fd-6571-4cfc-a188-db40dc6f12a3,tow.it,resell,,,62,88,6,,08/11/2012 05:00,26/11/2026 00:00
0f7f5acc-f78f-4f78-affe-9313ea0d83c4,empty.space,premium,,,98,25,11,,,
bf5576c3-bb2a-4328-aa4e-2ac2c54946c3,spr.at,premium,,,80,80,5,,,
00e11350-7e82-403f-bcf1-cadeede0577b,famo.us,resell,,,98,23,6,"NameCheap, Inc.",09/07/2006 18:05,08/07/2026 23:59
f07a9c1a-6cd2-451f-8d95-6380cc052fab,act.ing,premium,37500,37500,84,39,6,name.com,,
fef933a5-d2e9-4520-8883-c59feb79e89e,shock.ing,premium,3750,3750,68,22,8,name.com,,
9b474aff-68a2-4af8-ad35-d6b7bd788fce,fruitti.me,premium,,,62,76,10,,,
e0498a25-aa5f-4c3e-b583-dff85ffdbe85,sm.art,premium,,,74,99,5,,,
00c980c4-2e23-4ba0-b3bc-1f39ecf2bb29,antiac.id,premium,,,70,1,8,,,
161ee06c-4ad1-41fd-ac25-47de4e09b4b1,cordlessteleph.one,premium,,,76,0,18,,,
fabced7b-98bc-48e9-bc4c-d340a9bff930,sausageme.at,premium,,,,72,12,,,
e6cc670e-0651-4d0a-88d3-496dd8c5152a,g.rip,premium,,,96,26,4,,,
6480a634-0e60-45b0-bdbf-ac2df0fa3969,thickandth.in,resell,,,,2,14,NAMECHEAP,18/02/2026 07:27,18/02/2027 07:27
c1eee90c-96a4-49e8-94a0-2202006afbef,zoologicalna.me,premium,,,54,72,15,,,
5c8c9245-9e3b-4398-9d0b-6c4a4cd470f4,givesomebodyti.me,available,11.99,26.99,66,72,18,name.com,,
16806f56-40a0-4209-88d0-328e63d653b2,perform.ing,premium,,,86,19,10,,,
7bbef456-9d80-4c32-a3ae-c8ef27bb896d,brightchro.me,premium,,,42,8,13,,,
5b5bcff0-1b35-4d4b-9029-736415093fc0,taur.us,resell,,,72,80,6,"NameCheap, Inc.",09/07/2006 19:10,08/07/2026 23:59
c28f249f-a38b-4424-b784-3dc16fae0550,MrsSantaCla.us,premium,,,56,20,15,,,
c8e01efe-8d4f-45d0-a02b-bc1011451ca5,vo.id,resell,,,112,47,4,,06/12/2019 08:28,
e4be9b63-b007-4b2d-b68c-8003b70d5417,va.in,premium,,,68,98,4,,,
13742686-ea87-438e-9927-721e18801d91,addressb.us,available,6.99,10.99,36,72,11,name.com,,
30eba364-bec3-4e65-934b-60d80f0e5f10,nowth.at,premium,,,,1,8,,,
73cb5f49-e109-44cc-aecf-7996cf4f001d,atti.red,premium,,,52,2,7,,,
4c0e1585-4198-4f87-b68d-d734d350280d,dancega.me,premium,,,54,72,10,,,
b87552a7-a985-4115-ad19-be84b6044b78,arriving.at,premium,,,46,4,11,,,
7c6c9de8-e511-466f-a398-8eecc3f18b4b,simultaneo.us,premium,,,,80,12,,,
178ce4ac-aa03-4313-9e8a-af9d9a1bd1a0,moneyecono.my,premium,,,78,1,13,,,
bb26d520-6253-4079-8fe2-723cc22fd57c,Dal.it,resell,,,58,84,5,,03/02/2000 00:00,23/01/2026 00:00
be94ec7d-7eda-420b-a293-f69c0441e44c,dogandc.at,premium,,,54,76,11,,,
bf622db6-6497-43c7-b2bc-6e65fad1dc2b,record.ing,premium,,,72,13,9,,,
936419a8-2182-4b7d-aa3d-3ef2fef25496,Christa.live,premium,,,72,3,12,,,
ca27f0a7-35bb-4d93-84c7-82aa47f328e0,general.education,resell,,,81,2,17,Dynadot Inc,15/07/2015 16:00,15/07/2026 16:00
4e9f3721-d56d-44b0-8c47-46d718b3b451,neodymiummag.net,premium,,,58,76,16,,,
1c4b8520-e8d2-4d1a-babe-1c365bf92b4a,pottyse.at,premium,,,56,72,10,,,
e3b6d85c-570e-4858-bc6e-add39362aa5b,pepsico.la,premium,,,82,6,10,,,
6430569d-cf3c-43a5-8fcd-653e20b39f99,haveonemoreti.me,available,11.99,26.99,62,0,18,name.com,,
15225e1a-7d00-4a15-9d4c-ed24b8510310,challeng.ing,premium,,,82,5,11,,,
05e665e2-b809-47ed-8eab-fd6ff4b04055,galbul.us,premium,,,54,72,8,,,
bd15655c-3dea-4ee9-b585-00f483b1e0be,i.deal,premium,,,74,24,5,,,
20fc47aa-3f22-41d4-b6ee-d4ecf5332339,oilpaint.ing,premium,,,,6,12,,,
49a92d3f-92ee-4d2f-be03-2365d8e62d48,appo.site,resell,,,68,5,8,Automattic Inc.,02/01/2018 06:41,02/01/2033 23:59
0ea7b88e-b26d-4c37-b878-f404ac6ed879,courtga.me,premium,,,54,72,10,,,
f69a6bac-09f6-4e04-871e-ff6e83730c12,gorgeo.us,resell,,,76,15,8,"GoDaddy.com, LLC",24/04/2002 16:57,23/04/2027 23:59
d1cadb73-46a2-456a-8dbe-4a02f6d3c900,handga.me,premium,,,56,72,9,,,
1d36921e-cbec-4e1c-b91d-26bd815f8e67,tillti.me,premium,,,,12,9,,,
14b9c8ea-7f40-420e-9f98-14a334482c5d,validna.me,premium,,,,72,10,,,
3150f6b6-74af-4c56-a14e-3ee5c3bd32a4,incident.report,resell,,,64,3,15,Dynadot Inc,14/11/2019 13:00,14/11/2026 13:00
5eb92fab-d48f-4691-96d3-98e8e9051f10,anasarco.us,premium,,,46,1,10,,,
97d1b4c0-8693-4f54-bed8-93653f542e0c,amoro.us,premium,10.98,,72,7,7,namecheap,,
34d36f1a-8f5e-4cd6-b6da-9d9f644d63ab,highh.at,premium,,,54,72,8,,,
1ce7d42d-070f-46f3-9eb7-e91dfedd98a9,bushtyph.us,premium,,,50,4,11,,,
26ab3b96-5025-458a-9b90-dce8e50d168a,travell.ing,premium,1625,,72,13,10,name.com,,
c915435e-ee51-42a2-9998-b3074754f64c,haveagoodti.me,available,11.99,26.99,72,80,16,name.com,,
b66054d6-7d0f-4ca3-9144-6b8e8c058707,thesaur.us,resell,,,62,84,9,"GoDaddy.com, LLC",24/04/2002 17:02,23/04/2026 23:59
e9bbb583-4f5e-4a3f-8984-af0174b26230,FirstHappyTi.me,premium,,,46,72,16,,,
0af0d641-52a8-4137-95bc-f1565b4f73ac,nonvenomo.us,premium,,,,72,11,,,
6f6179f6-3519-4e45-854f-063e2823009d,GreaterFris.co,premium,,,42,8,14,,,
83d8c190-6d64-4bf5-a246-5ddc5ea9f66a,beatti.me,available,11.99,26.99,60,72,9,name.com,,
a691ea50-cc0f-4465-8510-68994b0fb640,slop.ing,premium,,,66,1,7,,,
765efaf2-4092-4c37-ab67-339c502db5e5,generalofthear.my,premium,,,70,1,19,,,
9fea02c9-b450-4eee-8957-5b9b89905e7b,aerifero.us,premium,,,46,1,10,,,
33ab8f70-71de-4335-848b-9b2c83a9ada4,Chineseabac.us,available,10.48,,44,72,14,namecheap,,
f57b9fe7-648d-40fe-8368-de196e133c9e,n.one,premium,,,86,16,4,,,
ce67c5df-e799-4d2a-81c6-7430dcd923ce,ReaganDemocr.at,premium,,,56,72,15,,,
423a7b2a-6973-449e-a71e-108a5eca7b74,a.social,premium,,,56,6,7,,,
e3f33eaa-ca40-48c2-be8a-73d9810f73e6,havealotofti.me,available,11.99,26.99,64,72,18,name.com,,
ec56fe15-d2f1-4217-b779-23453acb1472,aud.it,resell,,,88,96,5,,30/08/2021 16:00,30/08/2025 00:00
a6a5c8c1-41a7-456d-82c9-43042b46eda3,playact.ing,premium,,,62,1,10,,,
054cbc9a-70ec-4df1-b03e-15112dfab1c2,polyunsaturatedf.at,premium,,,60,72,19,,,
11c59b64-ce4d-44f5-b423-4dc2f929cc22,lo.me,premium,,,64,80,4,,,
426e3458-4242-433e-a6e5-ee0666ad1f6f,stagefl.at,premium,,,60,72,10,,,
46a69c9d-58f4-42ab-bfe8-256c85925990,eachti.me,available,11.99,26.99,52,2,9,name.com,,
a592a8a4-02d8-4d2b-b029-3770825eb84b,encourag.ing,premium,,,88,5,11,,,
ebb0ef97-6442-4d63-a489-4492bd6102f5,inregards.to,premium,,,50,1,13,,,
410ee202-270c-4a8f-b878-9f45483e6643,elapsedrealti.me,premium,,,60,72,17,,,
0c591188-6525-4425-9976-4e11c6e6d251,systematicna.me,premium,,,54,72,15,,,
2ab094cb-d4c8-40e0-a93c-1d6d75935244,align.ing,premium,,,52,4,8,,,
98807d1d-a500-4bbc-bf0f-3a3bdec058fd,safese.at,premium,,,54,72,9,,,
d224027a-fa23-4531-b4ca-05112419d612,g.one,premium,,,80,98,4,,,
f67f90aa-506e-4d65-ab12-79d5fd953c39,labr.at,premium,,,60,88,7,,,
2ad730dd-a7fe-4d8c-ae22-6685d4267db2,boxthegn.at,premium,,,58,72,12,,,
a2c36cee-9e60-4ea3-bb25-b19f6a3b343e,dassier.at,premium,,,60,72,10,,,
9fd2fd7a-e56e-4b5d-bbf8-90a67ed95adc,a.horse,premium,5200,31.2,46,2,6,namecheap,,
4f762700-6527-42e2-8a4b-e4fcf8cdca16,lovese.at,resell,,,62,76,9,GANDI SAS ( https://nic.at/registrar/580 ),,
d012dfb0-0d66-4b1a-80a1-233c6d341fb4,bewith.it,resell,,,,72,10,,16/03/2020 16:00,16/03/2026 00:00
15d64a79-8108-4479-a5fc-0a40e8d96127,inthethicko.fit,premium,,,62,7,18,,,
580760db-969a-4103-a129-2941c799d0e2,pe.at,premium,,,48,80,4,,,
0b8e7052-23d8-4c56-ad37-4f2a4a992e67,anoestro.us,premium,,,41,1,10,,,
df69f670-250e-48a6-b7a6-10db810e597a,saucebo.at,premium,,,60,72,9,,,
162c7234-d425-4a70-821e-b84336824db2,polyglotto.us,premium,,,,72,12,,,
b992ff18-95c6-4c24-ad51-b41467bba71b,muskr.at,premium,,,58,88,7,,,
67c5caea-0258-4037-97e4-a64efb4425da,unqualifiedhostna.me,premium,,,54,72,20,,,
f8ad89fe-0b47-403f-83f7-f02c32c6b489,accordionple.at,premium,,,54,72,15,,,
453be23d-8487-4749-82c8-8038ba8cd093,Germanwhe.at,premium,,,60,72,12,,,
94bfa655-de0b-450a-a616-53803164d6e5,independence.day,premium,,,82,5,16,,,
78ba1eec-2f4b-403b-99dd-7a4a0d18bc3f,abiogeno.us,available,6.99,10.99,60,72,10,name.com,,
8ca86996-e209-4c84-9ef0-e13c89e11448,bumblebeeb.at,premium,,,58,72,13,,,
8161e05f-4ac3-4758-832d-358abcc48b4d,ow.ing,premium,,,,3,5,,,
8b65d723-9732-4115-bf8c-6265659f1913,arterioveno.us,premium,,,46,8,13,,,
c65d9239-29d4-48c7-ac42-06eb2aab05ce,comeho.me,premium,,,68,84,9,,,
e1dd78b2-43e3-4803-a3a9-2eaa27a2664a,braggadocio.us,premium,,,48,72,13,,,
32a718eb-edfc-442d-af15-29d6edaf38bc,fleettugbo.at,premium,,,36,4,13,,,
22294f92-0995-4c82-847f-0dfaa22b5dd6,givein.to,premium,,,70,12,9,,,
9abd9dc1-30b7-461a-8dfc-30777fba210e,b.ag,premium,,,92,24,3,,,
9ac88a7e-a4dc-4226-9727-157e5224719b,augrat.in,premium,,,70,1,9,,,
e1d84266-216f-422f-b5d8-6b249dbba750,th.at,resell,,,94,38,4,Instra Corporation Pty Ltd ( https://nic.at/registrar/535 ),,
bde57c4f-1e49-46d4-b678-1e0b49e186bd,sett.ing,premium,,,84,10,7,,,
dd0bf876-d545-42f4-88d5-9481db198443,iridaceo.us,premium,,,52,72,10,,,
eed2de74-0041-4f24-94b4-e3bdc8fc78fe,rabbitr.at,premium,,,58,72,10,,,
9da5b5c4-57a6-4a4f-aeec-9e2363c08c7c,Godfor.bid,premium,,,58,2,10,,,
57885805-54ba-4649-9c5b-f60eca08af14,cowgirlh.at,premium,,,62,72,11,,,
7efd39f7-b7e6-4e8b-8556-5c9ff2ced1e3,furco.at,premium,,,62,72,8,,,
8280ab24-f868-4c31-be79-891e5528354c,inmeanti.me,available,11.99,26.99,,4,12,name.com,,
4efb99d6-25e0-4198-9b29-d28d8da6851c,nonvisco.us,premium,,,,8,10,,,
2c257bf5-e88a-42f4-ad50-4814f2d3ab93,barr.ing,premium,,,62,2,7,,,
4e06d680-8a63-4968-9467-6d78db8200ab,Idoubt.it,resell,,,54,2,10,,13/03/2016 09:00,30/03/2026 00:00
859afa2c-58c4-4724-941e-49b9dadc858e,touchho.me,premium,,,,72,10,,,
2df2613d-a854-4414-a3a1-808dfae18e2b,si.de,resell,,,78,25,4,,,
b633471f-2c4b-4aa1-b59c-13f313b4d203,kangaroome.at,premium,,,62,72,13,,,
ebffeeae-f8ae-4e6f-be52-acdc52801a5f,inte.rest,premium,,,90,17,8,,,
338135d9-fb97-4c3a-955e-de1e00ee6132,arboreo.us,available,6.99,10.99,50,2,9,name.com,,
2afbc466-02ec-4e00-bcd0-469b55749f37,divinerat.io,available,44.99,59.99,51,72,12,name.com,,
d148732c-305d-46ac-8e47-182e9481983d,letterrul.ing,premium,,,49,1,13,,,
ead2f08d-6f8b-430f-ad56-82ea9eeb2021,Internetfamo.us,resell,,,70,80,15,Dynadot Inc,03/09/2022 00:00,03/09/2025 00:00
7ae9ff7b-9ccd-45ff-a9b2-d8928db16e43,baseballb.at,premium,,,64,76,12,,,
c05ca0f3-1083-4812-882c-7a4d90285fbc,engross.ing,available,14.98,,86,1,10,namecheap,,
70c55853-00bc-470c-a915-e5a1d44c1cc5,tossaco.in,premium,,,,7,11,,,
10b3cea4-c92f-4c4d-846a-a903b98053a3,headho.me,available,11.99,26.99,66,72,9,name.com,,
14dec040-05a3-45c7-a329-e8ecc9f89281,fold.ing,premium,,,96,21,7,,,
70683586-9ee7-4f2e-a670-7504ec191ffd,establi.sh,resell,,,66,10,9,"Sav.com, LLC",14/12/2022 20:17,14/12/2026 20:17
8486a17d-6b51-403d-95ae-6ac29a7bf64e,liftsche.me,premium,,,62,72,11,,,
d8d31461-91a1-4f2c-b224-8d9362064e8c,Europeanspr.at,premium,,,58,72,14,,,
d4a96a5d-a5de-4230-be0d-aea2b4b37850,bathm.at,premium,,,52,72,8,,,
2f3db8c3-3485-4bb0-8ad5-3912c1bad949,overco.at,premium,,,80,80,8,,,
c6d01ded-a45d-4b52-8917-b90325598abe,freshme.at,premium,,,64,76,10,,,
7d9356a4-452e-482c-92dc-749bbad0e643,giventi.me,premium,,,42,72,10,,,
63b1e59c-25df-4069-b411-adfaa532085a,acapul.co,resell,,,54,72,8,Dynadot Inc,31/08/2010 18:24,30/08/2025 23:59
99d1f722-9fbd-4c77-8af6-913fc25c48bb,businesst.rip,premium,,,74,4,13,,,
18636493-2539-4b27-ace1-d96a14c6710c,JapanStandardTi.me,available,22.98,,60,1,19,namecheap,,
bf0b1e59-975a-479a-9e19-cfd9ef378f03,thebo.at,premium,,,,80,8,,,
0863659b-543d-4b54-9434-a5d2845fc208,Ald.us,resell,,,56,72,5,Gandi SAS,24/04/2002 16:35,23/04/2026 23:59
dacff377-ed30-4143-a7db-2db67a9cd7f1,ru.in,premium,,,70,9,4,,,
62dbfba9-7d7f-47cb-858a-83945061fc30,tellyouwh.at,premium,,,,72,13,,,
f9abfa48-5757-4390-8aaf-dbe749b209ce,manyandvario.us,available,6.99,10.99,50,2,16,name.com,,
820404da-6da8-4e0a-b384-3013edc72767,manyti.me,available,11.99,26.99,58,1,9,name.com,,
5cea61a6-6195-42ef-8b84-acab732bcf21,dropadi.me,available,11.99,26.99,66,8,11,name.com,,
1559abc7-f7b8-4876-8047-ff8bedceb647,beetl.ing,premium,,,54,1,8,,,
c3b52913-6d13-4cf6-8503-a5a2c8e2bdd5,confirmationna.me,premium,,,54,72,17,,,
39fc6756-b749-4e2d-a587-faede09afb38,doggytre.at,premium,,,64,72,11,,,
0b667e0a-51e1-44d3-b993-4b360b865e4b,gaspowe.red,premium,,,60,1,11,,,
b73709dc-d2bf-424f-8c0d-b0802e22e4d9,wir.ing,premium,,,74,9,6,,,
dfc051b5-89b4-4515-8f9e-e75bcedf9a4e,portmantea.us,premium,,,,8,12,,,
43a75efd-5ebe-4983-9023-178683eb183a,freezingra.in,premium,,,54,2,13,,,
b6a710fc-e135-4943-8c95-e514a01e5d28,BeijingTi.me,available,22.98,,52,16,12,namecheap,,
c0cfef89-b09e-4436-8831-310b318aaaa0,NewColumb.us,premium,,,,72,12,,,
6da1d059-9b8f-410d-b169-c9246b6f28a5,bytheti.me,available,11.99,26.99,46,72,11,name.com,,
7288eff9-5731-4e6b-b23f-1b9709acec54,howsay.you,premium,,,48,1,11,,,
77452a07-8135-4f32-aef1-f4d23c92e70b,am.ong,premium,,,62,8,5,,,
3a24d274-9649-4d14-9a5c-cf2a9c779c9e,vitam.inc,premium,,,76,10,9,,,
f5809930-9731-4fa4-82bd-4555ab6b3da6,thiscom.ing,premium,,,,7,11,,,
ab07b660-666e-4e0e-8b0e-468385dd5ae9,command.ing,premium,,,87,2,10,,,
1ad4142e-9ceb-495e-8b43-eb485e5e562e,youknows.it,resell,,,62,72,12,,20/10/2019 16:00,19/11/2025 00:00
5951c7b4-b246-45d8-8730-f9d4c8243e16,correspond.ing,premium,,,84,2,13,,,
6af0f611-751a-4b7f-b703-39f91f0c5406,lessthannoti.me,premium,,,52,72,17,,,
f625d5d4-ee11-4d5d-b587-e94d26521c23,quittingti.me,premium,,,,72,13,,,
aca71156-b224-4434-b3b9-06888d462d7d,terrify.ing,premium,,,54,3,10,,,
3df4b861-825b-41ed-afe4-5066aef87f72,incensebo.at,premium,,,58,72,12,,,
2a600cd1-a5a0-4e7f-b3e1-090bb56e2ea2,inform.ing,premium,,,95,22,9,,,
d653fc02-e2d3-4bdf-ab0b-ace8e7343db9,excit.ing,premium,,,90,13,8,,,
c9d23aa4-bb7d-4339-8e28-f31dd9357b31,virtuena.me,premium,,,70,72,11,,,
23e3da88-9c64-496d-9d00-84f7d6d67f49,laboratoryco.at,premium,,,56,72,15,,,
17d70be4-193b-43de-8801-06d84ce661c4,pleaseexpla.in,premium,,,72,2,14,,,
dc4a6b6e-aee6-4d3b-9d84-0635f0c2fed6,knowwh.at,premium,,,42,8,9,,,
e44eca9f-c0fe-45f7-897a-7059f006e7b0,actthegiddygo.at,premium,,,66,72,18,,,
8210c1b3-24f0-448f-a783-b12687fe585c,steppa.rent,premium,,,64,1,10,,,
5426d84a-83cf-436f-9696-5d929f227126,sw.im,premium,,,74,22,4,,,
a8a09c00-ec61-4763-bbbe-ca68c72b651d,cannedhe.at,premium,,,56,76,11,,,
3088ab23-b303-4e2f-86a4-812585651980,prospero.us,resell,,,56,80,10,Tucows Domains Inc.,01/06/2006 18:03,31/05/2026 23:59
3a3f7f10-74e6-4248-99a4-ad0a4924dfec,harmonio.us,resell,,,62,84,10,"GoDaddy.com, LLC",23/10/2024 14:42,23/10/2026 14:42
0d371afe-73b0-459e-9ff3-52464b747b68,aheadofti.me,premium,,,44,72,13,,,
468f81a4-d7f0-4a6a-8f97-fc8d0c11a7fc,Chinasyndro.me,premium,,,58,72,14,,,
885812ce-57de-4d98-9ec3-45e116abd9f4,driv.ing,premium,,,90,20,7,,,
59ebacfc-80b5-4dac-a39b-aea8b899fdcd,knowwhatiswh.at,premium,,,62,72,17,,,
0162697f-65c5-415d-9da9-8ab92956357a,coreti.me,premium,,,54,76,9,,,
6b43f3fc-48c1-4678-bda8-afb74f919c5e,aristocr.at,premium,,,54,84,10,,,
6390d41a-46fb-4df8-8737-1d69d83f54fe,bushme.at,premium,,,52,72,9,,,
f5899083-52e7-4784-b63d-463140fdd59b,amylaceo.us,premium,,,46,1,10,,,
610993fb-137a-4806-84a9-c57f21dd4be5,fivepe.at,premium,,,40,8,9,,,
15a4189e-786a-476a-b7c6-58d42ecc906c,teamga.me,premium,,,72,76,9,,,
a83d5596-95af-448a-9a7e-17176fbc7f57,cocktailcabi.net,available,16.49,19.99,64,80,16,name.com,,
06853e96-e65b-4142-8c21-37b7553e044b,atthedropofah.at,premium,,,74,1,20,,,
bbd5a7d4-8887-4cd1-b569-bc844090ecdc,meal.deal,resell,,,72,4,9,Dynadot Inc,07/10/2024 19:51,07/10/2026 19:51
0043a662-7655-4024-a1de-5441ea32fedd,sens.ing,premium,,,64,10,7,,,
154158d2-8858-4041-8501-d140b4c80141,crackthee.gg,premium,,,56,76,13,,,
18703ee0-fe90-418a-a35f-f3003132025c,blackga.me,premium,,,58,72,10,,,
518f7152-69f1-4430-b49e-fa6912011732,glasste.at,premium,,,54,72,10,,,
ff57e1ef-d9a2-45b5-a1b4-7544796ad43d,neste.gg,resell,,,64,88,8,"Spaceship, Inc (https://www.spaceship.com)",,
00309aae-18ab-49ca-a5fc-58d8c5bc9a59,saltdo.me,premium,,,54,72,9,,,
8b14b13f-0797-44f1-9d12-790cec2171c4,gruell.ing,premium,,,68,1,9,,,
0f585c08-5a27-43bd-addc-448623dd097e,sp.in,premium,,,94,30,4,,,
ea560252-4d33-44ab-880b-46c92eb25d88,exist.ing,premium,,,62,15,8,,,
9da2a9f3-fe51-4b8e-bde4-318cf3d0f554,androgeno.us,premium,,,58,72,11,,,
521066fe-2c13-4350-b9c5-f842915c2c12,raphenucle.us,premium,,,,4,13,,,
85f7dbd1-6075-4351-9160-6e5d7c76da49,e.store,premium,,,64,92,7,,,
a6a2282d-3fde-4730-9d48-ea4719daac12,providedth.at,premium,,,42,72,13,,,
3f97fcb1-4ce1-4aab-8057-209429465947,Naupakt.us,premium,,,48,72,9,,,
65f7908e-9a0d-4ac4-bd97-e44c69764813,assiduo.us,premium,,,50,4,9,,,
aa4d7eca-3a7a-4121-bfc4-1664d2072d5c,pricet.ag,premium,,,68,7,9,,,
c88b9fc8-1ad7-4c8e-86ff-f4070bd6e555,Christianna.me,available,22.98,,70,1,14,namecheap,,
b9446900-ca93-45b0-b825-67e0f38d7d46,inhib.it,resell,,,68,2,7,,10/06/2010 20:27,01/07/2026 00:00
aa69cc91-08a3-4ba0-a855-7cb26f57a0d8,gobackinti.me,available,11.99,26.99,72,1,15,name.com,,
b32dfcc6-a876-42fb-aaa4-480b9504fc57,dispatchbo.at,premium,,,36,4,13,,,
ccd1225d-fd8f-40ff-b64b-e696f262835c,auspicio.us,premium,,,72,9,10,,,
494c770e-f37f-428f-93ae-497adabec8b6,birthti.me,available,11.99,26.99,54,76,10,name.com,,
e18a6a5a-c940-4d61-bdcc-4062118889ae,panamah.at,premium,,,60,80,10,,,
0eb090d4-3800-4eab-803a-ea103ef42b54,s.at,premium,,,78,24,3,,,
0ee4d3ca-2727-447e-acef-1bc6e2b18cdf,bear.ing,premium,,,86,37,7,,,
c8fa166b-cf1e-44b3-9114-e6c08baa4318,counterti.me,premium,,,60,72,12,,,
fcb6ce2b-eb4f-449e-88a9-000d1c8aff80,Italianson.net,premium,,,70,72,14,,,
d2c82bb4-b356-46d0-a4ef-e8fb0fd1d17c,mistsofti.me,premium,,,58,72,13,,,
f68903ea-ae9d-4349-9114-553014f9db93,Olympicfla.me,available,22.98,,82,1,13,namecheap,,
4ce82168-dc37-4a49-8412-34952eb2da48,hus.band,premium,,,74,12,7,,,
76c8e612-1473-4d3f-80e0-156a12ed2c6a,smash.ing,premium,,,78,30,8,,,
fb8e0e85-a9eb-4ef9-a4df-c414969b0758,till.date,premium,,,,1,9,,,
0718dd87-8ce0-4337-8805-e5806c10e585,overjoyo.us,premium,,,,8,11,,,
75fcf5cf-17f5-4b78-94f0-3541bb3c6583,EuropeanSummerTi.me,premium,,,46,4,20,,,
406335ba-cdfb-495b-a568-fa1405a19a90,Mayti.me,premium,,,68,76,7,,,
127d04ce-13f3-426c-a9d4-7e9f44f079ad,ejectionse.at,premium,,,56,76,13,,,
d57f6868-a563-4702-8021-94c577a423b4,guessingga.me,premium,,,60,72,13,,,
46b757ad-cbb1-4b2e-b251-b7f973970e77,generationalpla.net,available,16.49,19.99,44,4,19,name.com,,
052ba5f4-a4ce-4b03-97c6-5b8c473ebf0b,Timb.it,resell,,,66,80,6,,11/10/2022 09:00,11/10/2025 00:00
c45380b7-99e5-453c-aae2-40ccbf457223,adhe.rent,premium,,,76,5,8,,,
127a127a-65ee-4e5e-9751-6f56cfbf7938,pleaseti.me,premium,,,,76,11,,,
7b92cd41-c53c-4f76-b7c3-be85ba163e95,ca.me,premium,250000.1,26.99,70,10,4,name.com,,
26e2d950-f916-427d-bbb5-254580340b74,chocolatee.gg,available,70.98,,62,72,13,namecheap,,
ac0500ba-e5d8-41a1-b19a-cbeb0bab42ba,in.date,premium,,,,3,7,,,
6452a76d-a8f0-4d18-b3c9-026f693fe7a3,IsleofTha.net,available,16.98,,56,2,14,namecheap,,
8d010de6-f915-4062-8c6e-a5ae0ad8a278,costu.me,resell,,,92,80,7,"GoDaddy.com, LLC",27/08/2008 20:11,27/08/2025 20:11
2f2da598-c30f-4c33-851d-5032cac21690,desertr.at,premium,,,50,76,10,,,
dab76a58-a7be-40bd-bd1e-e23fad717610,speedbo.at,premium,,,82,84,9,,,
4c054d3b-223c-4a2c-beb4-5929195a9503,doohink.us,available,6.99,10.99,52,72,9,name.com,,
b4507381-4865-4ba3-9ad3-8b1d0e814892,drinkingga.me,available,11.99,26.99,54,76,13,name.com,,
05bbf752-e630-4c58-bd45-a9ce558c8f65,haveseenthis.movie,premium,,,62,10,20,,,
b02b5b3d-966d-4d6d-bc5f-a5f4bc56537c,manme.at,premium,,,52,72,8,,,
e5e0ee2d-1aec-474a-a534-1e1c17cf1460,victimlesscri.me,premium,,,54,76,16,,,
3e9a6fbd-e619-4113-b989-278f2fd14640,Eform.at,premium,,,60,24,8,,,
6c7b198f-f3f2-4b50-b75a-d91c97d95f73,gymr.at,premium,,,69,80,7,,,
6ab8b2db-203e-419b-8b7c-259595e1aef4,carbonferro.us,premium,,,48,72,14,,,
6c637187-e6b3-418d-9774-9819860dbb89,underth.at,premium,,,44,72,10,,,
f5d1a9bb-b58f-4b16-b709-d0743e9873dd,NATOreportingna.me,premium,,,56,72,19,,,
fe8679d5-5af8-468f-b11c-c88a722559c2,acarpelo.us,available,6.99,18.99,46,1,10,name.com,,
614361b1-e7e5-4830-b582-a03348636de0,autoecio.us,premium,,,48,1,10,,,
18845802-0224-48a5-bb46-c2bcdf8ea075,he.art,premium,,,84,99,5,,,
d1e4630f-0d67-467e-9b33-de9b5019af9f,assum.ing,premium,,,62,1,8,,,
a6805460-16ae-414a-b232-9a84ce0b9faa,fac.ing,premium,,,82,6,6,,,
539cb886-f6ad-426c-aeb5-d3b9f833a4f3,Tonganti.me,premium,,,,72,11,,,
12776914-32ea-4561-9745-62b92634fef9,silicio.us,premium,,,52,72,9,,,
8ee69377-cd13-4e8a-b984-cb76ce4999b0,invest.ing,premium,,,78,35,9,,,
00f55359-bcc6-428c-8510-83865bd71f2f,isotropo.us,premium,,,52,72,10,,,
f75cad24-8f32-428c-84b3-d6ec10a1faee,biramo.us,available,6.99,10.99,58,72,8,name.com,,
6bc69b5c-437e-4c27-8856-e667b9b85d6e,car.ing,premium,,,102,46,6,,,
9ac296fb-5d74-4f27-b021-4241ec6c2450,aflo.at,premium,,,72,10,6,,,
d1d838ce-942f-4d57-92d1-32595dda212a,timetoti.me,premium,,,,84,12,,,
62b62bf1-d322-4c19-b5f9-c9ea507be9b3,droppede.gg,available,70.98,,56,72,11,namecheap,,
88ee708f-4fe7-444b-aa70-61657c1fc8bf,hid.ing,premium,3750,3750,70,5,6,name.com,,
5812d131-6900-4d97-9d6b-3661296cfdd2,DavyCrocketth.at,premium,,,64,72,17,,,
0b9c441c-bbcc-4eec-a287-fe57086f96da,gettaken.in,premium,,,66,0,12,,,
f56414c8-e06e-47e4-9371-46fc7d873130,Cal.tech,premium,,,60,84,7,,,
299450f8-54de-42fa-a099-28d7f5dcbd5c,howwouldIk.now,premium,,,52,4,16,,,
be35dccd-6ea7-4e01-a85d-558fa547415f,furh.at,premium,,,64,76,7,,,
4fc6d5e2-1351-4c72-867d-526cabe40de8,Goldilockspla.net,premium,,,64,72,17,,,
7a693391-191a-46dd-9156-a7a574dbc090,clothingb.in,premium,,,64,1,12,,,
7a4a77d5-8c82-4232-a771-5f14c12e73da,howgoes.it,resell,2242.5,25.99,54,5,11,name.com,16/10/2016 17:47,16/10/2026 00:00
18e6d6c8-f7bd-4baa-8b55-e0f6885a54c8,bodyconscio.us,premium,,,38,88,14,,,
b0cffef3-6d62-4a10-8efd-5e54c82bb321,empower.ing,premium,,,78,15,10,,,
8e181e72-bd5a-4d51-a2eb-f16ae7f7a88e,ripen.ing,premium,,,64,2,8,,,
14958d97-b5d0-4058-9ed3-e45bda234025,metriccar.at,premium,,,34,72,12,,,
7016cf73-ce22-47fb-ba4b-e782257ebc04,manag.ing,premium,,,70,10,8,,,
7eff6a90-57ee-4c2c-ac3f-d4f5889d8a7b,breathoffres.hair,premium,,,72,8,19,,,
34477520-ef7b-4e04-8db8-adf84f107d23,acronymo.us,premium,,,46,2,10,,,
2f6799d3-91dd-4445-bce4-3e5b9269dde3,carsafetyse.at,premium,,,54,72,15,,,
139914b7-d397-49df-abf7-e74936032d9f,drug.store,premium,3125,12500,70,88,9,name.com,,
677c84d5-f4ee-4889-b30a-6dee0ba4b0cf,fanthefla.me,premium,,,60,72,13,,,
bf427ebc-e55f-4c41-9391-394cbe493d3e,Whitele.gg,premium,,,50,72,9,,,
f5fba464-b3b4-495a-be68-25d5fe7e6651,inthehopeth.at,premium,,,52,4,16,,,
8267e9af-6245-430f-bd0d-f7e8304c111b,makeeyes.at,premium,,,64,72,12,,,
92920174-7f46-44c8-9e89-da28045ed13f,airlinese.at,premium,,,52,72,12,,,
ccc1354a-ec48-44fd-a262-4d1e8570d64b,crackedwhe.at,premium,,,56,12,13,,,
213712ea-c338-41c4-87c7-c6f44e4feb10,lemoneucalypt.us,premium,,,62,72,16,,,
641a1c65-969c-45fa-a93c-9d91d556a3ce,microph.one,premium,,,98,10,10,,,
b86b8a9f-7ff4-4286-b0ce-0d423bd75b1a,surround.ing,premium,,,74,4,11,,,
fe5e5f35-32e9-4f47-a23f-ed182b385541,maritalstat.us,available,6.99,10.99,62,68,14,name.com,,
8374312d-3d74-433c-872c-0f75c1c9fd01,Indianti.me,premium,,,58,72,11,,,
96e7a55a-e402-4a8c-89eb-f2f42c2bdf1e,sooth.ing,premium,,,68,5,8,,,
5b183bab-3892-413e-b4b3-1644300711d7,strapp.ing,premium,,,62,2,9,,,
bd0120cd-e8e0-4798-a74b-c04e1e6a5d15,comingfrom.you,premium,,,72,1,15,,,
4541af57-a70c-42db-94d8-f8d2264f25c1,funnylook.ing,premium,,,56,1,13,,,
86a24d16-62be-4f63-a68b-a94565f94dc9,gymm.at,premium,,,69,76,7,,,
b652d568-cd0f-4cc7-9aa8-64eca73aff07,deepf.at,premium,,,44,76,8,,,
9715b74d-62ac-42f0-b9a5-9b60700bc279,schoolti.me,premium,,,54,76,10,,,
8b0300f8-e769-4850-ac40-f0ae2b631a57,humanpapillomavir.us,premium,,,54,72,20,,,
115295f5-b308-4a44-b28b-c0071b864668,KievanR.us,premium,,,46,72,10,,,
2adfc5f7-9884-4acf-a94f-1b4d3c3c94c3,stjero.me,premium,,,64,76,10,,,
66abf1e7-1a78-4a16-b1c8-b7e0b4012c3c,scramblede.gg,premium,,,,24,13,,,
bcd43e2d-1a8d-48d3-9312-0f76af6b92a4,haveacrack.at,premium,,,68,72,15,,,
a2b1672b-7699-4809-bc01-db63908fe57c,Dutchtre.at,premium,,,62,76,11,,,
b0c8cb1c-21d2-40df-befd-ce6eb0e72c87,knockoutga.me,available,11.99,26.99,44,72,13,name.com,,
e09e0c74-d68b-49e7-b121-fbfecce65b30,flar.ing,premium,,,70,2,7,,,
7b3995b9-e58e-4d6e-b902-c5050981dedf,doloro.so,premium,,,48,16,8,,,
e3f8ece2-08f8-4ce5-b006-3fe563cb4863,technocr.at,premium,,,54,92,10,,,
5d59ed7d-cbcb-4731-9877-a95980edef94,includ.ing,premium,,,56,4,9,,,
5c1afaa0-9df4-4be4-a3f2-e327c3fb4efb,questionti.me,premium,,,58,72,13,,,
01223735-672d-4b46-9dd7-c4039aa45e1c,keepsomeone.company,premium,,,76,1,20,,,
704812e9-beb2-4012-b587-a594139feec6,electronicga.me,available,11.99,26.99,70,72,15,name.com,,
1c786c59-bca6-4f9e-8e7d-6f4d71c7ae6d,conduct.ing,premium,,,68,5,10,,,
77181744-a609-4f36-ab8f-83b5dbfccbc7,beigef.at,premium,,,60,72,9,,,
8220601f-87c4-42dd-9bb1-59d7f88f725f,actthejen.net,available,16.49,19.99,66,72,14,name.com,,
7b6afd28-e6f2-4d98-a7b3-2f9bd2d05638,pertinaceo.us,premium,,,48,72,12,,,
19c33eeb-7338-4eea-b373-9606739892a4,min.ing,premium,39000,39000,66,28,6,namecheap,,
e6e09e4a-bf8a-47a9-a838-9f2528e74a1a,telltheti.me,premium,,,,72,13,,,
16117167-1e5a-4ffb-b964-683116a5106e,hardwhe.at,premium,,,58,72,10,,,
f0c7fea9-5edb-407f-83f4-961aaa76eb82,exp.at,premium,,,63,84,5,,,
30c003ed-a7a3-4c98-8ff4-00ebabf72611,bring.ing,premium,,,66,2,8,,,
b0f6c163-ca81-464d-9f7e-0e611c8a3794,affidav.it,resell,,,68,2,9,,10/06/2010 20:27,01/07/2026 00:00
e99b40c8-ba35-4b74-8fc0-10de838a33fc,showho.me,premium,,,,72,9,,,
dc492d42-2645-4e49-8128-440a348e1dc1,build.ing,premium,39000,39000,74,31,8,namecheap,,
f1a5d632-8bb9-44e5-878b-3001ccd42a91,repe.at,resell,,,96,16,6,Hosting concepts B.V. / Registrar.eu ( https://nic.at/registrar/648 ),,
a991fa4f-0030-4301-97de-124c9d656aa0,stagecomb.at,premium,,,,20,12,,,
4daa4350-ee33-4d06-860b-2ddd259e3a01,starthro.at,premium,,,58,72,10,,,
324d9a54-bc13-4b3c-bfff-dde60c298638,c.io,resell,,,72,84,3,"GoDaddy.com, LLC",29/09/2003 10:21,30/04/2028 12:00
98167637-3a54-4a4c-b94a-c9a081862d88,exercis.ing,premium,,,71,4,10,,,
36d25408-7a81-4ff4-9ecd-f86b3ccd0f5f,PopeJuli.us,premium,,,,72,11,,,
01dbb2d5-85fb-4a11-9988-011c81932d7c,artificialan.us,premium,,,52,72,15,,,
bf60b300-cd92-4aa3-b843-9e86b82210bf,shootingrat.io,available,44.99,59.99,58,72,14,name.com,,
14c8e545-6909-4019-9b85-40c48f07cec4,clickerga.me,available,11.99,26.99,56,72,12,name.com,,
8d70452e-4f1d-4cc9-bb67-30be825b4115,redti.me,premium,,,,72,8,,,
ddaf0967-f469-4799-a841-c7818ba74809,closedassemblyti.me,available,11.99,26.99,54,72,20,name.com,,
ed00cb38-97c6-4e19-8493-2beec6a20608,banter.ing,premium,,,72,1,9,,,
7af7f2e8-dee6-4520-9dcf-485f77b5c07f,enterta.in,resell,,,92,10,9,"Dynadot, LLC",05/11/2010 20:12,05/11/2027 20:12
47f77724-8b71-4bd5-b41d-a5a3adcc32ff,dogs.hot,premium,,,76,28,8,,,
a4757b3a-2ea3-4d04-a3d0-2fbad178bb3e,IsaidwhatIsa.id,premium,,,54,2,18,,,
f037e6b4-3f87-455e-a4bd-3f268e0a32ec,occupationalna.me,premium,,,54,72,17,,,
52ff1970-4fc9-4de7-b554-ed461cbba9cf,cla.im,premium,,,96,28,5,,,
4fdecf6b-faa5-4041-aff7-a371514ffd98,safetyconscio.us,premium,,,60,72,16,,,
4ffa4da9-87cc-4786-9120-13076a3f0768,click.ing,premium,,,66,8,8,,,
08685f3a-54ad-4fc9-a95b-f30afdffd258,wildwhe.at,premium,,,62,72,10,,,
d578706e-2a96-4aef-96d8-5a0f73c158eb,Savannahc.at,premium,,,62,72,12,,,
300b16a3-4704-4df0-adde-b6ece2248d0f,affe.rent,premium,,,70,3,8,,,
b9243861-b894-4c10-bac7-04617b2dd4dc,re.store,premium,3250,13000,86,92,7,namecheap,,
22376fe5-5f71-4fed-ace2-b5eab53b2e4b,rhizop.us,premium,,,56,72,8,,,
eef97009-c432-4423-ad80-5a5e3dc8b2a8,hitthebigti.me,available,11.99,26.99,72,72,16,name.com,,
c1e418d3-87a2-4061-83dc-ddf11cd4b622,prehe.at,premium,,,64,80,7,,,
162f2ed9-3aba-4ece-b1d4-6df14a6039ef,howaboutth.at,premium,,,56,2,14,,,
46564607-1d34-4e54-a83e-094af3c657b2,boxh.at,premium,,,42,76,7,,,
213a9aa9-3e0e-4e68-98c1-02d568b500ed,slowti.me,premium,,,,76,9,,,
775df1bd-689a-4797-8447-04d6152e6707,flavouro.us,premium,,,58,72,10,,,
688fd421-d17d-4c63-9518-1f4b3c6969e2,s.now,premium,,,66,34,4,,,
2beeddc8-2ed2-4f81-b8a3-85c607c605c4,s.ing,premium,,,78,21,4,,,
13baa1f3-31ec-49a5-81e5-dedf53c6c448,pyram.id,resell,,,76,31,7,PT Jagat Informasi Solusi (int),17/05/2025 02:56,17/05/2027 23:59
23413b64-8240-4da9-87ae-3af6c0b1b906,consum.ing,premium,437.5,437.5,82,3,9,name.com,,
d3941225-5881-4767-8a5d-d793e6fad480,gaslight.ing,premium,,,64,6,12,,,
e7a69e04-46b7-4fd6-b7fa-525536f6ef0d,shabb.at,premium,,,60,80,7,,,
4984834c-6264-41a5-aeeb-d37c68d8e271,carbonateofli.me,premium,,,52,4,17,,,
c7f9592a-4660-4a31-adeb-ef917e3db42e,gettingso.me,available,11.99,26.99,50,1,12,name.com,,
d093a536-6f0b-4bc5-9c12-b26eb40b9bd5,corneo.us,premium,,,52,72,8,,,
27f5725c-a65b-44a3-b60f-093b32bbf336,catchhe.at,premium,,,66,72,10,,,
b38daccf-3fb8-4b50-896b-1bd4a32a90d4,ris.ing,premium,,,64,18,6,,,
78f3eb0a-9a5a-4a21-b4fc-a2c8044920d9,wallop.ing,premium,,,70,1,9,,,
be8ad26d-503f-4314-ad4e-7877b57bb000,homeawayfromho.me,premium,,,70,80,19,,,
300bc0ea-c88b-4bca-9e1b-d2cb2cb8cfe7,laugh.at,resell,,,108,14,8,EWBCD GmbH ( https://nic.at/registrar/750 ),,
eb0b6177-222f-44b0-a747-170ca9db38a6,sexpl.us,resell,,,,72,8,"Spaceship, Inc.",14/09/2024 07:05,14/09/2025 07:05
8ef385c2-2e53-43cc-888a-5050cd3bf676,sw.ing,premium,,,74,25,5,,,
13938d8e-6209-4bf7-b297-6bcdcb3c8122,Harvardform.at,premium,,,60,4,14,,,
bdca9f6e-53bf-4b94-83d6-a2279a4095d0,velodro.me,premium,,,60,84,9,,,
51b185d9-887a-4cd8-8262-9c20fdcf969f,protohe.me,premium,,,55,72,9,,,
1483ae5d-9108-4e9b-9e28-95a0934488fc,BlackTues.day,premium,,,48,12,13,,,
a5f83938-923a-49ca-a7a7-440bdb21c969,nightl.ong,premium,,,62,1,9,,,
fa0e21f3-d70f-427d-ada3-58b8a924b803,bulli.sh,resell,,,73,17,7,Dynadot Inc,06/10/2015 00:30,06/10/2026 00:30
826afcbf-015e-439b-a600-206c88748b5e,Ik.now,premium,,,58,26,6,,,
e45740f3-509d-42e0-b204-ae1feb5c019c,electricb.us,available,6.99,10.99,70,76,12,name.com,,
2b98be86-7df9-471f-959b-9d4afc330177,jo.in,premium,,,96,41,4,,,
dc579965-4b80-4be1-a6da-ed4f35cfbe4d,forgetabout.it,resell,,,60,68,15,,03/05/2016 16:00,19/05/2026 00:00
b4772528-31b6-42ee-8666-e270da1643a4,domesticc.at,premium,,,58,72,12,,,
83d643c6-8d9b-417e-8a7e-7d4d86e0588d,inth.at,premium,,,60,2,7,,,
a4627b47-9367-44f5-9c2e-febf0019a49c,signonbon.us,premium,,,70,72,13,,,
51d53e2c-444b-459a-9b52-b040b18fdeea,housec.at,premium,,,66,80,9,,,
94b1bd02-8de7-4b0f-a6e6-28963a1b74e5,ancientregi.me,premium,,,52,72,14,,,
6f9a9dab-1539-4f6d-9640-19b817a5fabc,nurseryrhy.me,premium,,,68,72,13,,,
0f5cbfc8-3754-4f22-840e-44be49ffb5ab,luncheonme.at,premium,,,74,2,13,,,
2a8e2a6e-915e-42d3-8ebd-cf78ab7c787c,nanoenzy.me,premium,,,64,72,10,,,
b54d70fd-b47c-4c9f-a224-3cfb1fee6904,stvit.us,premium,,,58,72,9,,,
cb373cb5-9a25-4212-9109-8fa633611908,pulsebe.at,premium,,,66,84,9,,,
7345fcdc-4935-454e-8618-0f8812b83585,battleb.us,available,6.99,10.99,56,76,10,name.com,,
1f2dbbd4-db80-4f64-bdcd-f0dbf111c7cb,stand.ing,premium,,,58,22,8,,,
1b5b1cf5-7935-4cfe-87e5-829ad1af5140,netinco.me,premium,,,66,76,10,,,
03e1007a-41bf-467c-acb3-e70387b31139,scorpi.us,premium,,,46,84,8,,,
92e329ec-c424-42df-b692-32158541112c,chenn.ai,resell,,,52,84,7,"NameCheap, Inc.",22/07/2018 06:21,22/07/2027 06:21
bd00f8a6-fcaa-4992-bcda-c4575fcf5b3c,priceconscio.us,premium,,,52,72,15,,,
e01cd9fe-27d0-41e7-8a3d-c0429028997a,DVDAud.io,available,62.98,,42,72,9,namecheap,,
90ee12b3-3d31-422c-8ef6-b719df06c9f7,rockypla.net,premium,,,66,72,12,,,
92076998-3669-4ec5-ae17-54c835c0a6c7,WebK.it,resell,,,,60,6,,03/03/2010 19:10,09/06/2026 00:00
54ef5490-d1c7-46e2-84f1-b46a129cd1c3,aceto.us,premium,,,50,1,7,,,
6a91db51-18a3-45c7-b43f-3de63a38600c,intheeventth.at,premium,,,52,1,17,,,
1e476497-8bb7-4017-89f1-c4b477fe7b90,no.one,premium,,,72,14,6,,,
3e24bd12-a854-4b9a-ad7b-69963b2048ff,F.la,premium,,,64,14,3,,,
ee370b37-8a19-44d2-9773-8473588dd06b,gam.ing,premium,,,76,33,6,,,
9d132800-0b79-486c-bc3d-c5ac92c635d4,baseballh.at,premium,,,66,72,12,,,
6637c67e-d5c8-4eb4-b0c5-926d93e98c79,Isee.you,resell,,,54,23,9,"Dynadot, LLC",05/10/2025 13:18,05/10/2026 13:18
ad18e445-b42a-47e8-bee4-b648923cba00,doyourownti.me,available,11.99,26.99,36,8,16,name.com,,
1d8fc515-1256-460e-8d52-161c1421d3eb,Germanga.me,premium,,,56,72,11,,,
0e46ca75-1d1b-4ebf-b982-1d695a9a942d,gstr.ing,premium,,,66,5,8,,,
5e2f9702-d565-423b-a759-8799e90edf4c,acidophilo.us,available,6.99,10.99,50,4,12,name.com,,
4d6bb007-9b8a-4496-93dc-33ef556698b2,tipoftheh.at,premium,,,,4,14,,,
a76f24b0-cc1e-4320-bdc6-0c2064187db7,haveseenthis.film,premium,,,62,10,19,,,
aea82c39-6e51-440e-b2ee-2354360df79c,sociono.me,premium,,,56,72,9,,,
28a0e98c-efb1-4c80-8c9f-d27ce9b3c5f3,seniorstat.us,premium,,,,4,13,,,
383bd691-fba2-4612-a37c-2e27a7b9bc78,howdoIget.to,premium,,,54,6,15,,,
69e39254-06ca-4c29-a3cf-fa7b3b55c716,makeoneselfatho.me,available,11.99,26.99,76,1,20,name.com,,
762e6b55-9327-4540-84ee-3b8caf7db85d,haveti.me,premium,,,72,2,9,,,
7f927a53-6718-4af0-b77f-46d088b4406a,selfna.me,premium,,,,72,8,,,
d762e15e-fff6-4550-9d6c-8a47d84cc268,trud.at,premium,,,72,80,7,,,
18adc25f-11fc-443e-aafd-e789b126c0f2,agamo.us,premium,,,50,1,7,,,
66a8034a-2327-4466-9475-0e006e220639,watchti.me,premium,,,,76,9,,,
b1823cf8-7a96-4035-bfda-802ef80d488f,supervolumino.us,premium,,,52,72,15,,,
dd8ddade-2214-4710-8da7-7da35f87d577,nomeanfe.at,premium,,,,76,12,,,
83feddea-a33b-4fe6-aff8-7b9550950561,requi.red,resell,,,68,9,8,Porkbun LLC,10/02/2021 13:31,10/02/2027 13:31
c947eda8-4ebb-49ea-8175-9229dd52f020,animalhe.at,premium,,,54,72,11,,,
4c44448e-03d3-495a-87f2-c90d0d80652d,sugarti.me,premium,,,,72,9,,,
45b329b6-be54-4523-89dd-7f12d6895af5,inallbutna.me,premium,,,36,72,15,,,
f62da67e-cd1b-447b-8920-1eccf52276cc,vinegari.sh,premium,,,46,1,10,,,
b2e971d6-bdd1-4748-b20a-a6f3c5c6e86e,girlme.at,premium,,,62,72,8,,,
cba3d5cb-5c81-4b28-9b10-21bf126f3a62,borde.red,premium,,,62,2,8,,,
450436cb-d121-450d-a853-5c8f1a5c28b5,pend.ing,premium,,,68,12,7,,,
e836a57c-0566-4c63-be38-ab22845417a1,procla.im,premium,,,74,8,8,,,
1d675526-d6f3-46a4-b755-37e414defb1b,adrenalinru.sh,premium,,,76,1,14,,,
b403ee66-9050-44f2-ab45-7316a017bc0e,soyme.at,premium,,,,72,7,,,
9884df37-09b2-46e1-8bf1-306413d1b15d,harrow.ing,premium,,,66,1,9,,,
1a794f4a-a368-4754-a982-a2b96b4b78bf,pro.vision,resell,,,90,20,9,"Sav.com, LLC",23/08/2015 16:00,23/08/2026 16:00
cae1a492-5f3c-4b12-931e-fe47cacec18a,innothingfl.at,premium,,,60,72,15,,,
d245831c-1e53-462b-94f8-fc9ba675ea91,co.at,premium,,,100,7,4,,,
d10906e8-f936-49d2-9a33-6770e5dff3d4,asopposed.to,premium,,,50,1,13,,,
a3c76f9a-e740-47f0-99dd-0eee4f451091,toph.at,premium,,,60,84,7,,,
d63a54e1-8ba4-4991-b47a-6e22545f68a1,trackmag.net,premium,,,62,72,12,,,
78dc4ace-6ffa-42ec-b0d2-50909fe571a5,behavioural.science,premium,,,70,3,19,,,
06b10ff5-b902-4191-ac41-be37f1c29455,guestc.hair,premium,,,68,1,11,,,
a456e50f-75be-4a29-8453-8a6ce1d23a47,bulbaceo.us,premium,,,48,72,10,,,
655f2a2f-d705-48e4-9f85-590014d16162,missthebo.at,premium,,,66,72,13,,,
b27409b5-2803-4490-9ce7-8446bf92fdfe,kumqu.at,premium,,,60,80,7,,,
b9bee6dd-d0bc-482d-b613-a77d3ecfc794,nipp.ing,premium,,,56,1,7,,,
adf10981-0482-4fb0-8fa0-baa86cb08e50,hilario.us,resell,,,66,72,9,Gandi SAS,25/04/2002 14:21,24/04/2028 23:59
5208e348-24e8-4a85-9038-5c4b224cc555,a.la,premium,,,84,14,3,,,
1e96e0bf-23ea-436e-9344-5892b875b543,lowf.at,premium,,,58,68,7,,,
581608a5-893a-46c3-b478-14e6f43cd950,feelthehe.at,premium,,,,72,13,,,
78bae922-a61c-4932-bd59-f3f0a6b34e05,minceme.at,premium,,,70,72,9,,,
3258f1bf-1efb-43b9-9933-b802f775ef9f,dr.one,premium,,,70,46,5,,,
a463ede9-6f75-4393-853b-83928dbc08ef,innoti.me,premium,,,54,76,10,,,
a1a8c28a-29e1-4606-a816-afc155ca5329,balk.ing,premium,,,72,1,7,,,
4a07da9c-6662-41e5-a4e2-932019a07888,re.in,premium,,,70,16,4,,,
3ade8398-7d1c-4dbf-9c8d-4aacfb6493ef,speciesna.me,premium,,,54,72,12,,,
84fa41d1-9502-40ed-b640-c540064a6245,sureth.ing,premium,,,74,6,10,,,
8110cbcb-6e4b-40f7-ac9b-73519a48669c,Kinu.so,premium,,,52,72,6,,,
2c90cb3e-416f-4cf3-8d5e-811b10e1225b,fracedino.us,premium,,,50,72,11,,,
7ab5e383-1fb9-40d3-b3b8-c10d8218cfce,bananase.at,premium,,,54,72,11,,,
7b0dc129-10a0-47a6-b810-d1f239df1ca8,pussyc.at,resell,,,,88,8,Key-Systems GmbH ( https://nic.at/registrar/404 ),,
4ddb2893-f412-400a-b18f-12e11186e8d2,flatti.me,premium,,,54,72,9,,,
31701d58-b1c6-413a-bff0-40023fb8494b,havingsaidth.at,premium,,,48,4,16,,,
bb087bb5-555f-4074-826d-71e1d179227c,manyati.me,available,11.99,26.99,50,1,11,name.com,,
e38aefcf-97f0-45cb-8dfe-8b3bf7840cd8,p.in,premium,,,74,27,3,,,
7e31ba40-ee96-4f33-8835-fe45a3e12011,doubl.ing,premium,,,66,3,8,,,
9aba3d51-e396-4570-ba2d-c83ff2fdb1bc,childofthe.kitchen,premium,,,64,6,20,,,
b5875c45-3d6f-455a-a75a-0a433f976395,taxinco.me,premium,,,54,72,10,,,
d8ddaea0-f27b-40f0-a5c2-cc5afcd4c4b2,IrishSummerTi.me,premium,,,44,4,17,,,
87efd798-1592-44e2-bbbc-08da0775c0b9,altitudino.us,premium,,,54,72,12,,,
fa44a29d-1c30-497b-8f2f-b143509ebd93,finalsettingti.me,premium,,,58,72,18,,,
96b8518c-e8d1-4d02-be07-a6365894fbda,vernacularna.me,premium,,,56,72,15,,,
6ca7ef65-f13d-4884-aa98-fa597ea6fa24,unmanne.red,premium,,,33,1,10,,,
0a5385e8-7248-405c-a18d-f03307e9a959,streetc.red,premium,,,,9,11,,,
4e36a377-0749-4573-be15-9e2076e169dd,slid.ing,premium,,,78,6,7,,,
82777b51-e50e-476f-b0c7-1134ec5282c2,houseco.at,premium,,,56,72,9,,,
0912493f-39ff-4c46-8f67-ce6d95c4ff96,habit.at,premium,,,74,22,7,,,
47921445-e4c8-46f4-b0bb-30f1e08c03e0,Atlacomul.co,premium,,,50,72,11,,,
f23c1513-4fb0-4f87-b900-20c965cdb583,ratatatt.at,premium,,,72,72,13,,,
9aa066b2-fd39-4c67-9180-b9a193285293,delime.at,premium,,,66,72,9,,,
b906f6e1-670f-438d-a398-96fef38dba8d,mogadisc.io,available,44.99,59.99,60,68,10,name.com,,
0239f6f0-b555-4be6-a697-1375345a1d27,freshoffthebo.at,premium,,,44,72,18,,,
642c861f-568a-44ca-82ed-60268e9f5b90,fullrhy.me,premium,,,58,72,10,,,
0da0efed-8ef2-49fe-9d25-f358ec57cc89,autogamo.us,premium,,,54,1,10,,,
49f103a7-6761-42f7-9e0b-77335da139f6,allfi.red,premium,,,62,1,9,,,
d716a130-f854-427d-825e-a0e186ecf518,easyme.at,premium,,,54,72,9,,,
3ac0b30b-ab56-49c1-b5c2-a81b3046e437,scowl.ing,premium,,,44,1,8,,,
595ee3e6-b3ba-473b-95d9-d3f25558a41c,pay.ing,premium,,,76,63,6,,,
279ba77a-183f-415c-be1a-2e4bba131c3d,jackfru.it,resell,,,68,80,9,,02/09/2024 16:00,02/09/2025 00:00
f0f4cc18-fed6-486c-a2c2-8c34e5a3f326,jollygood.show,premium,,,80,6,15,,,
d98246d5-16c0-4339-b7c0-8829eab17a00,h.im,premium,,,74,20,3,,,
5e10209a-c8bb-46fe-88cb-775f6b63d0db,Tanjungbal.ai,available,92.98,,48,72,12,namecheap,,
3e231686-ccfb-4752-bd7d-e9f3fd247e92,avaricio.us,premium,,,48,2,10,,,
9794f2be-0722-42b2-b590-c43556beef60,littledogsyndro.me,premium,,,58,72,19,,,
bcf33a98-e648-41ed-a4ba-2df663e0da7c,r.ing,premium,,,66,32,4,,,
a48f48ff-4af3-44d4-8ecd-cc6e26ccc91e,forsometi.me,available,11.99,26.99,50,72,13,name.com,,
0334b3f4-4a6c-4ee9-88ea-bbeea3a838a6,democr.at,resell,,,90,14,8,"GoDaddy.com, LLC ( https://nic.at/registrar/693 )",,
3f741a37-75b4-47f2-80d3-f5d540950e70,bef.it,resell,,,68,84,5,,11/11/2011 21:14,23/11/2025 00:00
644dcda9-b4c9-4dc7-afa8-bc1be157148c,forgiv.ing,premium,,,96,5,9,,,
6662a3e9-6d70-4c9f-bd15-c573bc36ffa3,providingth.at,premium,,,50,1,14,,,
2d049c74-2eca-4d51-8637-ca903288a0a8,letk.now,premium,,,74,6,8,,,
4e4e2a6c-cbc3-46c2-af79-a84e797101b3,takease.at,premium,,,,52,11,,,
b4127270-490d-4ee7-b69e-7cfadd937597,allSirGar.net,premium,,,36,68,14,,,
54466fc1-bd65-4b14-aa89-5175acc2c561,commonoctop.us,available,6.99,10.99,62,72,14,name.com,,
b6adfe24-e607-4522-89be-00de9725c9ba,involv.ing,premium,,,52,2,9,,,
36b340f5-5fa0-49b6-9e3f-2f71903e1472,motorun.it,resell,,,58,76,10,,27/03/2017 09:00,27/03/2026 00:00
cf6c13dd-a20e-4ac4-9b42-6590ed326d82,dualvector.space,available,4.99,35.99,36,4,17,name.com,,
1edce6b0-9015-45a2-ac53-d9a6e48a7883,scarleth.at,premium,,,,72,11,,,
37db9a14-ff7b-4bd8-b7a9-eaeeeebc7a10,wheez.ing,premium,,,44,2,8,,,
8f472a00-fc6e-4617-a271-24496378e4ba,j.at,resell,,,57,84,3,1API GmbH ( https://nic.at/registrar/578 ),,
0e02a19e-9560-4056-9858-300d4fb18702,Cutsofme.at,premium,,,36,4,12,,,
655ddd46-2b09-4bbd-917f-c18e4abf359a,breakeventi.me,premium,,,54,4,15,,,
0b8469de-1be0-4426-91f7-569114fa036d,pric.ing,premium,,,72,20,7,,,
fb56fc5d-e89a-471f-a0bf-c8589c31829f,babyf.at,premium,,,58,76,8,,,
6121ee97-7e32-46c0-8873-f15fa87728ce,parentalho.me,available,11.99,26.99,60,72,13,name.com,,
a33603de-9034-4110-b97a-a1b19cc1d19c,GodSavetheK.ing,premium,,,90,12,17,,,
3aa39a83-fd4f-474f-abed-1ed0eef5fe28,bigheadedricer.at,premium,,,52,72,19,,,
dc1bbe9d-6815-48fc-891a-f007201e31f5,tightfitt.ing,premium,,,60,1,13,,,
cf82473c-e4fc-4ae4-b2c6-8ec9bc51c5b2,for.giving,premium,,,96,3,9,,,
56eb1246-ca69-4004-8092-903b95e3c429,numero.us,resell,,,64,84,8,"GoDaddy.com, LLC",25/04/2002 21:34,24/04/2026 23:59
b564e45e-9345-4b60-9b79-840528e25941,holidayti.me,available,11.99,26.99,64,80,12,name.com,,
c81e8055-13fa-4a8b-a27c-aa489a71d8d2,afla.me,premium,,,64,4,6,,,
d342ad52-3c6d-4b45-b88b-f70423e364b8,dis.co,resell,,,104,32,5,Dynadot Inc,24/08/2025 17:00,24/08/2027 23:59
b3ce9406-fe13-429e-a87b-92aa3591cb4b,pubic.hair,resell,,,,4,10,Dynadot LLC,02/03/2021 14:18,02/03/2027 23:59
fe0f3379-873c-4041-8ddf-ab4aa7e0a731,de.press,premium,,,66,3,7,,,
cdf23b9d-7a97-471f-bdf7-48422e6f45ac,blackc.at,premium,,,58,88,9,,,
a3ec1a6f-1e75-4a87-921b-310e37c7678f,animalivoro.us,premium,,,50,72,13,,,
f653eefd-fc4a-4cdb-93a4-cb5ba7c4ccd9,shortti.me,premium,,,,76,10,,,
a960662f-1558-48de-b909-01f500ec1fe0,o.men,premium,,,88,15,4,,,
6658472d-62df-4bd0-995a-3d8449fc9448,fishodorsyndro.me,premium,,,50,72,18,,,
9a71aae7-eaa8-4129-9487-1e6f91e5841a,d.one,premium,,,80,34,4,,,
7dfd098d-834a-462a-9107-9940ee83f1ea,aquifero.us,premium,,,43,1,10,,,
477887db-fe66-4bb7-ba24-ebf8a71289b4,vegetablef.at,premium,,,,72,13,,,
13ce24de-9d22-4fa2-9125-797c1fa78af5,fla.me,resell,32200,26.99,102,26,5,Key-Systems GmbH,18/08/2008 15:26,18/08/2026 15:26
6371c586-400e-4d6f-af8c-cf043aa74b5a,periodofti.me,premium,,,,72,14,,,
0e870d47-c478-40be-9d9e-0c211f1bb553,fortheti.me,available,11.99,26.99,50,72,12,name.com,,
a4cdbcc4-7558-4d95-a9ef-d42bde718c38,reprov.ing,premium,,,66,1,9,,,
ee2eeb43-e7ef-4b13-8bc5-6141a7636901,waterfounta.in,premium,,,74,4,14,,,
08f9fd74-b2e5-43c9-acbc-28dd1b3c18b2,acau.date,available,9.98,,46,1,8,namecheap,,
86e725d3-f5b7-4cc2-bbca-7cf5799a6d7a,utilityprogram.me,premium,,,56,72,17,,,
0500d3e0-53d9-415c-949c-3bb316182984,lov.ing,premium,3750,,76,20,6,name.com,,
86e082fd-f13f-4bb5-99ed-81b7287e3638,detect.ing,premium,,,68,5,9,,,
956d3421-340f-408f-9cf9-915756e506f5,walkingfra.me,premium,,,56,72,13,,,
13efadc5-f768-463b-8265-c96a2753a233,bedfra.me,available,11.99,26.99,76,3,9,name.com,,
7d4afaea-57fb-494d-b9b8-c0535b194f1e,LongIs.land,resell,,,58,27,11,Dynadot Inc,16/02/2014 19:54,16/02/2027 19:54
c64c7d14-f9da-423d-99a4-c088eaeb7393,headrhy.me,premium,,,56,72,10,,,
a70c7a14-aafb-4ba5-b279-a461774077c3,cartilagino.us,premium,,,48,72,13,,,
85deab4f-28e7-4656-8a61-3723a589624d,bodyhe.at,premium,,,60,84,9,,,
0aa3a0b7-232c-4895-abf6-b30476e48984,porkme.at,premium,,,,8,9,,,
c73b6281-d4b4-4fdf-8081-5834808c27af,thefactth.at,premium,,,,1,13,,,
7b56f617-3244-4fb6-921f-324896582dc4,appa.rent,premium,,,58,6,8,,,
f00dc55a-fa70-4739-9c09-499121dc0a7e,assumedna.me,premium,,,54,72,12,,,
845264c4-b8c8-4284-af10-875a19aaf057,frontsqu.at,premium,,,44,8,11,,,
dae9fdf9-6260-4522-9226-8e37a72b03cd,antac.id,premium,,,88,3,7,,,
54c32abd-e94b-4349-95bc-6e64a901a6a3,general.store,premium,1562.5,6250,58,80,13,name.com,,
0b8397b3-c017-4636-b6c0-2ef35573b4f8,holyJes.us,available,10.48,,52,72,10,namecheap,,
1f887ecd-2d36-4f6f-8c45-7fb0e76a86d6,abige.at,premium,,,68,4,7,,,
0a53582a-7fef-4c96-b5ec-3f766cfb8955,musicvideoga.me,premium,,,68,72,16,,,
26764ced-354c-486c-8dfe-b18ca52d2569,howshouldIk.now,premium,,,52,5,17,,,
b6a9243e-1099-4033-b126-2a4957fa2237,havetheti.me,available,11.99,26.99,72,1,13,name.com,,
79c0e95e-9464-4eb3-afbe-1f439b155f9f,mtarar.at,premium,,,58,72,10,,,
386eed17-c5e2-4a73-9571-ea3752c575d5,camp.ing,premium,,,80,31,7,,,
3af7d2c6-03d4-4d27-b95d-924f18632274,Emma.us,resell,,,48,88,6,PDR Ltd. d/b/a PublicDomainRegistry.com,24/04/2002 14:20,23/04/2026 23:59
d8566f7b-1f18-41a4-99c2-4840d80b1961,haveawhack.at,premium,,,44,4,15,,,
8cb6e303-494d-43b0-8c6e-7dcd29db7902,poison.ing,premium,,,56,3,9,,,
a8b448cb-3148-4fd8-bb65-56121af750a4,permanentmag.net,resell,,,54,72,16,"GoDaddy.com, LLC",22/06/2010 17:15,22/06/2029 17:15
c3548661-f56e-42b5-99b4-db7865e2cb3c,cleans.ing,premium,3750,3750,82,4,9,name.com,,
9319b42c-98ef-4cd2-9381-06dbde01295a,limit.ing,premium,3750,3750,65,20,8,name.com,,
2ecaeff8-8d09-4875-b20d-2527f3f267d6,nappyfl.at,premium,,,66,72,10,,,
a75de450-2cbc-4c62-af5d-0f07069a52a8,bothe.red,premium,,,64,97,8,,,
428d432a-ef57-484c-a854-5ab3aae9586e,in.store,premium,,,70,88,7,,,
86a3d196-22c5-4393-9def-4bbdb151bf38,waterr.at,premium,,,56,72,9,,,
985c26cf-750d-4f6f-b3b5-98add9aabbf3,wi.red,resell,,,72,25,5,"Sav.com, LLC",13/12/2025 12:54,13/12/2026 12:54
e005fa18-888b-4db4-a92c-f35984bff80c,refre.sh,resell,,,98,26,7,Dynadot Inc,17/08/2012 00:47,17/08/2028 00:47